CODGEO,NOM_COMMUNE,DEP,REGION,REGION_CODE,NB_DPE_TOTAL,NB_PASSOIRES,TAUX_PASSOIRES,NB_CLASSE_A,NB_CLASSE_B,NB_CLASSE_C,NB_CLASSE_D,NB_CLASSE_E,NB_CLASSE_F,NB_CLASSE_G,SURFACE_MOY,CONSO_ENERGIE_MOY,ANNEE_CONSTRUCTION_MOY,NB_MAISONS_DPE,NB_APPARTS_DPE,POPULATION,REVENU_MEDIAN,TAUX_PAUVRETE,MENAGES_PAUVRES,NB_LOGEMENTS,NB_RP,NB_LOGVAC,PASSOIRES_POUR_1000_HAB,TAUX_COUVERTURE_DPE,RATIO_PASSOIRES_RP,TAUX_VACANCE,SCORE_PRIORITE,CATEGORIE_PRIORITE,RANG_PRIORITE
02019,Annois,02,Hauts-de-France,32,6,4,66.67,1,0,0,0,1,2,2,85.6,440.2,1964.7,3,2,349.0,18858.0,21.5,20.3,345.0,274.0,48.0,11.46,1.74,1.46,13.91,0.5383,Moyenne,474
02025,Artemps,02,Hauts-de-France,32,5,3,60.0,0,0,0,2,0,1,2,90.7,470.0,1954.0,3,2,361.0,20281.0,19.3,23.0,3940.0,3224.0,302.0,8.31,0.13,0.09,7.66,0.4918,Moyenne,674
02029,Attilly,02,Hauts-de-France,32,5,2,40.0,0,0,1,0,2,1,1,69.6,498.8,1974.2,3,2,337.0,23612.0,17.1,18.2,1370.0,1026.0,152.0,5.93,0.36,0.19,11.09,0.3696,Moyenne,1605
02041,Autreville,02,Hauts-de-France,32,5,1,20.0,0,0,1,2,1,1,0,73.6,409.2,1985.8,2,3,777.0,20194.0,21.0,18.2,901.0,713.0,71.0,1.29,0.55,0.14,7.88,0.3266,Faible,1925
02042,Azy-sur-Marne,02,Hauts-de-France,32,6,4,66.67,0,0,0,1,1,1,3,70.5,406.8,1958.8,3,3,369.0,17255.0,28.0,30.7,7514.0,4928.0,1055.0,10.84,0.08,0.08,14.04,0.5571,Moyenne,432
02053,Vallées en Champagne,02,Hauts-de-France,32,5,2,40.0,0,0,0,1,2,1,1,75.7,548.6,1969.4,3,2,599.0,23540.0,18.5,20.6,1477.0,1242.0,109.0,3.34,0.34,0.16,7.38,0.3681,Moyenne,1617
02059,Beautor,02,Hauts-de-France,32,7,3,42.86,0,0,1,2,1,3,0,98.4,382.7,1980.7,5,2,2579.0,18687.0,22.9,26.8,397.0,312.0,27.0,1.16,1.76,0.96,6.8,0.4361,Moyenne,1061
02067,Bergues-sur-Sambre,02,Hauts-de-France,32,6,1,16.67,0,0,0,3,2,1,0,74.0,390.5,1974.2,2,3,205.0,13900.0,30.7,35.4,2834.0,2055.0,240.0,4.88,0.21,0.05,8.47,0.3923,Moyenne,1412
02069,Berlise,02,Hauts-de-France,32,6,2,33.33,0,0,0,2,2,1,1,109.7,443.0,1962.7,4,1,104.0,14847.0,28.8,30.3,2877.0,1924.0,388.0,19.23,0.21,0.1,13.49,0.4601,Moyenne,886
02071,Berny-Rivière,02,Hauts-de-France,32,6,2,33.33,0,0,2,2,0,1,1,96.8,348.7,1971.2,6,0,631.0,21284.0,21.5,20.5,6158.0,4983.0,344.0,3.17,0.1,0.04,5.59,0.3685,Moyenne,1614
02077,,,Hauts-de-France,32,5,2,40.0,0,1,1,1,0,2,0,81.4,348.4,1972.6,3,2,,,,,1396.0,985.0,163.0,,0.36,0.2,11.68,,,3613
02087,Bieuxy,02,Hauts-de-France,32,5,2,40.0,0,0,0,2,1,1,1,66.8,363.0,1969.6,3,2,31.0,18533.0,28.2,27.8,2046.0,1603.0,103.0,64.52,0.24,0.12,5.03,0.482,Moyenne,731
02088,Bièvres,02,Hauts-de-France,32,5,2,40.0,1,1,1,0,0,2,0,88.7,295.2,1995.4,2,2,80.0,13125.0,32.2,30.9,3725.0,2947.0,550.0,25.0,0.13,0.07,14.77,0.5126,Moyenne,566
02092,,,Hauts-de-France,32,6,1,16.67,0,0,0,3,2,0,1,92.8,300.8,1979.5,4,2,,,,,107.0,88.0,15.0,,5.61,1.14,14.02,,,3613
02093,Blérancourt,02,Hauts-de-France,32,5,2,40.0,0,0,0,1,2,2,0,124.9,473.4,1969.2,3,2,1162.0,19740.0,23.4,27.2,1175.0,850.0,158.0,1.72,0.43,0.24,13.45,0.4125,Moyenne,1244
02111,Brancourt-en-Laonnois,02,Hauts-de-France,32,5,4,80.0,0,0,1,0,0,3,1,66.8,457.4,1956.2,3,2,702.0,17702.0,25.8,28.0,,,,5.7,,,,0.6005,Moyenne,336
02113,,,Hauts-de-France,32,7,3,42.86,0,1,0,3,0,1,2,78.7,298.9,1963.4,4,3,,,,,,,,,,,,,,3613
02118,Braye,02,Hauts-de-France,32,5,4,80.0,0,0,0,1,0,1,3,91.6,389.6,1940.4,3,2,129.0,15737.0,27.1,31.2,,,,31.01,,,,0.6463,Moyenne,210
02120,Brenelle,02,Hauts-de-France,32,8,3,37.5,0,1,1,3,0,2,1,87.2,337.8,1972.5,3,3,193.0,17113.0,33.7,31.0,,,,15.54,,,,0.4462,Moyenne,982
02145,Caumont,02,Hauts-de-France,32,5,0,0.0,0,1,0,2,2,0,0,67.1,290.8,1989.2,3,2,547.0,25067.0,19.5,21.1,,,,0.0,,,,0.1868,Faible,3347
02152,Cerseuil,02,Hauts-de-France,32,6,3,50.0,1,0,0,0,2,2,1,88.1,399.7,1966.3,3,2,87.0,18041.0,26.9,29.8,,,,34.48,,,,0.5016,Moyenne,625
02171,Chaudardes,02,Hauts-de-France,32,6,2,33.33,0,0,0,1,3,1,1,99.0,439.0,1974.2,2,2,91.0,16046.0,27.8,27.2,,,,21.98,,,,0.448,Moyenne,962
02173,Chauny,02,Hauts-de-France,32,5,0,0.0,2,1,0,1,1,0,0,77.7,222.0,1992.8,4,1,11596.0,18989.0,29.2,31.3,,,,0.0,,,,0.26,Faible,2550
02174,Chavignon,02,Hauts-de-France,32,8,2,25.0,1,2,1,2,0,1,1,63.3,243.1,1981.1,3,3,859.0,15083.0,27.5,33.0,,,,2.33,,,,0.4091,Moyenne,1275
02184,Chevresis-Monceau,02,Hauts-de-France,32,5,2,40.0,0,0,0,2,1,1,1,76.8,345.6,1962.2,1,3,329.0,15513.0,31.7,36.8,,,,6.08,,,,0.4672,Moyenne,839
02213,Connigis,02,Hauts-de-France,32,5,2,40.0,0,0,2,0,1,1,1,87.3,435.2,1980.6,2,3,306.0,18176.0,24.5,28.5,,,,6.54,,,,0.4355,Moyenne,1065
02221,Coupru,02,Hauts-de-France,32,6,0,0.0,0,0,2,3,1,0,0,68.8,281.0,1986.2,2,4,161.0,16657.0,26.7,24.8,,,,0.0,,,,0.2881,Faible,2219
02225,Courchamps,02,Hauts-de-France,32,5,4,80.0,0,1,0,0,0,3,1,136.6,394.0,1960.8,2,3,82.0,13758.0,26.5,31.2,,,,48.78,,,,0.6857,Haute,74
02229,Courtrizy-et-Fussigny,02,Hauts-de-France,32,5,1,20.0,0,1,1,2,0,0,1,58.2,294.0,1981.6,1,4,78.0,18113.0,27.5,24.0,,,,12.82,,,,0.3618,Moyenne,1659
02249,Cuiry-Housse,02,Hauts-de-France,32,5,2,40.0,0,0,0,1,2,0,2,78.4,438.8,1965.0,4,1,102.0,21112.0,25.9,29.1,,,,19.61,,,,0.4116,Moyenne,1251
02259,Dampleux,02,Hauts-de-France,32,5,1,20.0,0,1,1,1,1,1,0,81.0,305.2,1988.2,3,2,370.0,15316.0,26.4,27.7,,,,2.7,,,,0.3867,Moyenne,1465
02270,Douchy,02,Hauts-de-France,32,5,3,60.0,0,0,2,0,0,3,0,70.0,329.2,1962.0,2,3,153.0,17362.0,27.1,24.9,,,,19.61,,,,0.5368,Moyenne,481
02277,Épagny,02,Hauts-de-France,32,6,1,16.67,0,1,1,3,0,0,1,62.3,232.5,1984.8,1,5,337.0,19162.0,26.0,21.9,,,,2.97,,,,0.3272,Faible,1922
02278,Éparcy,02,Hauts-de-France,32,6,4,66.67,0,0,0,1,1,2,2,64.1,476.0,1958.0,4,1,38.0,18246.0,26.9,23.4,,,,105.26,,,,0.6278,Moyenne,269
02285,,,Hauts-de-France,32,5,0,0.0,1,0,0,1,3,0,0,69.0,424.8,1983.2,5,0,,,,,,,,,,,,,,3613
02305,Fère-en-Tardenois,02,Hauts-de-France,32,8,3,37.5,0,0,1,1,3,2,1,79.4,456.9,1966.1,1,7,2836.0,17155.0,27.8,25.3,,,,1.06,,,,0.4331,Moyenne,1080
02317,Fluquières,02,Hauts-de-France,32,5,3,60.0,0,0,1,1,0,1,2,98.5,376.8,1955.8,2,2,194.0,20266.0,25.2,21.5,,,,15.46,,,,0.4982,Moyenne,639
02320,Fontaine-lès-Clercs,02,Hauts-de-France,32,5,1,20.0,0,0,1,1,2,1,0,55.9,451.2,1972.0,1,3,232.0,14007.0,37.9,43.7,,,,4.31,,,,0.4038,Moyenne,1324
02322,Fontaine-Notre-Dame,02,Hauts-de-France,32,5,3,60.0,0,0,0,1,1,1,2,88.0,477.8,1965.8,2,3,378.0,18099.0,25.4,24.7,,,,7.94,,,,0.5177,Moyenne,550
02339,Gandelu,02,Hauts-de-France,32,5,1,20.0,0,0,1,1,2,0,1,64.5,392.8,1972.2,3,2,683.0,18292.0,24.7,29.0,,,,1.46,,,,0.3497,Moyenne,1739
02348,,,Hauts-de-France,32,5,4,80.0,0,0,1,0,0,1,3,64.3,458.6,1961.4,3,2,,,,,,,,,,,,,,3613
02350,Goudelancourt-lès-Pierrepont,02,Hauts-de-France,32,5,2,40.0,0,0,1,2,0,1,1,63.0,374.6,1961.6,4,1,140.0,17545.0,27.8,25.3,,,,14.29,,,,0.4499,Moyenne,947
02371,Harly,02,Hauts-de-France,32,5,3,60.0,0,1,0,1,0,2,1,68.7,396.6,1969.2,3,2,1569.0,17695.0,26.1,28.3,,,,1.91,,,,0.5173,Moyenne,552
02373,Hary,02,Hauts-de-France,32,5,1,20.0,0,0,0,0,4,0,1,110.2,577.6,1974.2,1,4,203.0,18059.0,26.3,25.3,,,,4.93,,,,0.3556,Moyenne,1698
22001,Allineuc,22,Bretagne,53,6,2,33.33,1,0,0,1,2,1,1,79.5,405.7,1965.3,3,3,589.0,19030.0,22.0,21.3,124445.0,83301.0,13263.0,3.4,0.0,0.0,10.66,0.3958,Moyenne,1393
22003,Aucaleuc,22,Bretagne,53,7,3,42.86,0,0,1,2,1,2,1,70.6,461.4,1973.9,2,3,973.0,22214.0,18.8,16.7,211.0,162.0,12.0,3.08,3.32,1.85,5.69,0.3953,Moyenne,1395
22006,Berhet,22,Bretagne,53,6,2,33.33,0,0,1,2,1,2,0,55.5,346.8,1963.5,4,2,272.0,16381.0,31.4,32.8,801.0,545.0,101.0,7.35,0.75,0.37,12.61,0.4312,Moyenne,1097
22013,Bourbriac,22,Bretagne,53,6,1,16.67,0,1,1,2,1,0,1,70.6,312.2,1975.3,2,4,2145.0,18766.0,25.0,20.5,1873.0,1312.0,139.0,0.47,0.32,0.08,7.42,0.3298,Faible,1900
22017,,,Bretagne,53,5,1,20.0,0,0,2,1,1,0,1,64.2,339.8,1978.8,3,2,,,,,982.0,649.0,75.0,,0.51,0.15,7.64,,,3613
22027,,,Bretagne,53,6,2,33.33,1,1,1,0,1,1,1,80.8,337.5,1985.3,4,2,,,,,1654.0,1144.0,231.0,,0.36,0.17,13.97,,,3613
22028,Camlez,22,Bretagne,53,8,3,37.5,0,0,3,0,2,3,0,66.2,413.2,1981.5,4,3,845.0,18328.0,26.8,30.7,1056.0,849.0,59.0,3.55,0.76,0.35,5.59,0.4211,Moyenne,1177
22031,Carnoët,22,Bretagne,53,5,3,60.0,0,0,0,0,2,3,0,105.8,476.4,1960.4,3,1,673.0,21101.0,21.3,23.9,2086.0,1573.0,111.0,4.46,0.24,0.19,5.32,0.4785,Moyenne,753
22033,Caurel,22,Bretagne,53,6,2,33.33,0,0,0,2,2,1,1,81.7,388.8,1974.8,2,3,353.0,20399.0,22.7,23.6,4173.0,3378.0,405.0,5.67,0.14,0.06,9.71,0.3813,Moyenne,1512
22038,,,Bretagne,53,5,2,40.0,0,0,1,1,1,2,0,72.6,362.8,1975.4,4,1,,,,,276.0,213.0,17.0,,1.81,0.94,6.16,,,3613
22039,La Chèze,22,Bretagne,53,5,2,40.0,0,0,1,2,0,2,0,70.0,383.8,1979.8,0,5,578.0,17770.0,26.7,30.7,5354.0,4179.0,530.0,3.46,0.09,0.05,9.9,0.4377,Moyenne,1047
22050,Dinan,22,Bretagne,53,9,4,44.44,0,1,1,2,1,3,1,70.0,432.0,1970.6,1,7,14764.0,25998.0,17.0,14.0,411.0,340.0,26.0,0.27,2.19,1.18,6.33,0.3536,Moyenne,1716
22051,,,Bretagne,53,8,3,37.5,0,1,1,2,1,1,2,55.7,387.8,1976.1,4,4,,,,,4804.0,4082.0,568.0,,0.17,0.07,11.82,,,3613
22057,Le Faouët,22,Bretagne,53,7,1,14.29,0,1,2,2,1,1,0,66.6,322.0,1985.0,4,3,412.0,18465.0,27.8,25.1,1206.0,1020.0,177.0,2.43,0.58,0.1,14.68,0.3256,Faible,1930
22061,Glomel,22,Bretagne,53,7,2,28.57,0,0,1,4,0,2,0,76.1,333.9,1973.9,3,4,1440.0,22462.0,21.6,23.5,2329.0,1748.0,144.0,1.39,0.3,0.11,6.18,0.3337,Moyenne,1860
22065,Goudelin,22,Bretagne,53,5,1,20.0,0,0,2,1,1,1,0,55.8,362.4,1981.0,1,3,1751.0,19368.0,24.2,24.3,285.0,235.0,30.0,0.57,1.75,0.43,10.53,0.336,Moyenne,1842
22076,Hénanbihen,22,Bretagne,53,6,3,50.0,1,0,0,1,1,3,0,64.0,433.5,1957.7,3,3,1479.0,16893.0,27.8,30.5,885.0,613.0,93.0,2.03,0.68,0.49,10.51,0.4871,Moyenne,701
22094,Lancieux,22,Bretagne,53,5,1,20.0,0,0,2,1,1,1,0,92.9,393.0,1982.2,3,2,1611.0,22589.0,24.1,22.9,38.0,27.0,2.0,0.62,13.16,3.7,5.26,0.2972,Faible,2131
22095,Landebaëron,22,Bretagne,53,5,0,0.0,1,0,0,2,2,0,0,113.6,267.2,1984.6,4,1,167.0,16943.0,28.1,29.2,1448.0,1086.0,203.0,0.0,0.35,0.0,14.02,0.2847,Faible,2255
22096,Landébia,22,Bretagne,53,5,0,0.0,0,0,1,2,2,0,0,85.3,347.4,1983.8,4,1,461.0,18326.0,26.8,32.1,979.0,718.0,104.0,0.0,0.51,0.0,10.62,0.268,Faible,2440
22106,Langueux,22,Bretagne,53,5,2,40.0,0,0,0,2,1,0,2,92.3,399.2,1973.6,2,2,7939.0,22170.0,18.6,16.1,,,,0.25,,,,0.3819,Moyenne,1506
22109,Lanloup,22,Bretagne,53,5,2,40.0,0,0,1,1,1,2,0,54.8,396.8,1968.2,1,4,252.0,22623.0,17.7,17.9,,,,7.94,,,,0.3832,Moyenne,1497
22110,Lanmérin,22,Bretagne,53,5,4,80.0,0,0,0,0,1,4,0,57.6,497.6,1962.8,4,1,575.0,15498.0,32.7,33.2,,,,6.96,,,,0.6282,Moyenne,268
22121,Lanvollon,22,Bretagne,53,5,2,40.0,1,0,0,0,2,1,1,43.6,501.6,1968.0,1,3,1969.0,19937.0,24.5,21.1,,,,1.02,,,,0.4095,Moyenne,1272
22127,Lézardrieux,22,Bretagne,53,6,1,16.67,0,0,0,3,2,1,0,73.8,382.0,1973.2,1,4,1623.0,18826.0,26.8,26.9,,,,0.62,,,,0.3292,Faible,1904
22129,Loc-Envel,22,Bretagne,53,5,1,20.0,0,0,0,2,2,1,0,55.3,432.6,1971.0,2,2,75.0,19150.0,25.1,29.9,,,,13.33,,,,0.3498,Moyenne,1737
22138,Maël-Pestivien,22,Bretagne,53,6,3,50.0,0,0,1,2,0,3,0,58.4,381.5,1973.8,2,3,362.0,20762.0,21.7,21.2,,,,8.29,,,,0.4459,Moyenne,986
22145,Mégrit,22,Bretagne,53,5,1,20.0,0,0,1,2,1,0,1,87.9,332.2,1977.0,2,2,812.0,24670.0,13.6,11.2,,,,1.23,,,,0.2727,Faible,2378
22150,Le Merzer,22,Bretagne,53,8,2,25.0,0,0,0,3,3,2,0,60.8,475.6,1968.9,4,4,986.0,17059.0,26.2,23.7,,,,2.03,,,,0.3851,Moyenne,1480
22152,Minihy-Tréguier,22,Bretagne,53,5,1,20.0,0,0,2,2,0,1,0,81.2,306.4,1981.8,1,3,1271.0,22347.0,20.7,23.0,,,,0.79,,,,0.3003,Faible,2103
22159,,,Bretagne,53,7,5,71.43,0,0,0,2,0,2,3,94.3,463.9,1955.6,4,3,,,,,,,,,,,,,,3613
22160,Noyal,22,Bretagne,53,7,4,57.14,1,0,1,1,0,3,1,54.0,301.9,1965.9,4,3,985.0,24640.0,22.0,22.4,,,,4.06,,,,0.4241,Moyenne,1159
22167,,,Bretagne,53,7,2,28.57,0,0,3,1,1,0,2,88.4,295.7,1983.3,4,1,,,,,,,,,,,,,,3613
22171,Plaintel,22,Bretagne,53,6,2,33.33,1,0,1,1,1,2,0,52.9,322.0,1975.3,1,5,4602.0,21886.0,22.7,19.9,,,,0.43,,,,0.3588,Moyenne,1675
22174,Pléboulle,22,Bretagne,53,6,1,16.67,0,0,0,3,2,0,1,58.3,445.5,1982.2,1,5,721.0,12600.0,33.9,37.9,,,,1.39,,,,0.4049,Moyenne,1308
22179,Fréhel,22,Bretagne,53,6,1,16.67,1,0,0,0,4,1,0,77.4,503.8,1976.2,3,3,1611.0,22420.0,19.9,17.1,,,,0.62,,,,0.2859,Faible,2242
22187,Plérin,22,Bretagne,53,8,2,25.0,0,0,0,4,2,2,0,57.3,377.1,1966.2,2,5,14425.0,20452.0,22.0,17.8,,,,0.14,,,,0.3425,Moyenne,1797
22195,Pleubian,22,Bretagne,53,6,0,0.0,0,0,1,3,2,0,0,84.3,333.2,1981.0,2,4,2365.0,19924.0,21.7,21.6,,,,0.0,,,,0.2488,Faible,2712
22205,Plorec-sur-Arguenon,22,Bretagne,53,7,2,28.57,0,1,1,2,1,2,0,119.6,349.4,1980.4,2,5,467.0,23146.0,19.6,16.0,,,,4.28,,,,0.328,Faible,1916
22207,Plouaret,22,Bretagne,53,5,0,0.0,1,0,0,4,0,0,0,62.5,198.2,1980.4,3,2,2237.0,23430.0,23.7,19.6,,,,0.0,,,,0.2065,Faible,3194
22219,Plouguenast-Langast,22,Bretagne,53,6,2,33.33,0,1,0,1,2,0,2,86.6,434.2,1979.7,5,0,2380.0,18421.0,28.2,30.7,,,,0.84,,,,0.4009,Moyenne,1344
22224,Ploulec'h,22,Bretagne,53,7,3,42.86,1,0,0,2,1,1,2,71.7,419.3,1969.9,4,3,1598.0,15995.0,26.7,28.7,,,,1.88,,,,0.4692,Moyenne,825
22234,Plouvara,22,Bretagne,53,6,2,33.33,0,1,1,0,2,0,2,95.2,456.8,1972.5,1,3,1144.0,14539.0,30.8,34.2,,,,1.75,,,,0.4485,Moyenne,957
22240,Plumaugat,22,Bretagne,53,5,2,40.0,0,1,0,0,2,0,2,93.0,456.4,1967.2,3,2,1160.0,18601.0,25.4,24.6,,,,1.72,,,,0.4262,Moyenne,1136
22245,Pluzunet,22,Bretagne,53,8,3,37.5,0,0,2,1,2,2,1,51.1,363.2,1977.1,4,3,1017.0,13994.0,32.8,30.9,,,,2.95,,,,0.4728,Moyenne,796
22247,,,Bretagne,53,5,1,20.0,0,1,1,1,1,1,0,72.4,328.0,1977.6,3,2,,,,,,,,,,,,,,3613
22249,Pont-Melvez,22,Bretagne,53,5,0,0.0,0,1,0,2,2,0,0,59.5,296.4,1980.6,1,3,595.0,20512.0,24.1,21.9,,,,0.0,,,,0.2417,Faible,2802
22259,Quévert,22,Bretagne,53,7,3,42.86,0,0,1,1,2,2,1,73.6,480.7,1971.4,1,5,3955.0,17374.0,26.1,29.8,,,,0.76,,,,0.4516,Moyenne,940
22260,Le Quillio,22,Bretagne,53,5,1,20.0,0,1,0,2,1,1,0,86.0,354.2,1968.4,2,3,597.0,14821.0,28.4,32.1,,,,1.68,,,,0.3917,Moyenne,1418
22262,Quintin,22,Bretagne,53,6,1,16.67,0,0,1,2,2,1,0,55.1,469.7,1976.2,1,4,2739.0,22938.0,19.4,16.6,,,,0.37,,,,0.2795,Faible,2311
22263,Le Quiou,22,Bretagne,53,5,0,0.0,0,1,3,0,1,0,0,105.3,297.6,2003.8,1,4,359.0,20736.0,20.8,22.7,,,,0.0,,,,0.239,Faible,2847
22264,La Roche-Jaudy,22,Bretagne,53,5,1,20.0,0,1,1,2,0,1,0,109.1,224.0,1972.0,2,3,2629.0,19617.0,21.3,17.7,,,,0.38,,,,0.3328,Moyenne,1875
22265,Rospez,22,Bretagne,53,5,1,20.0,1,0,0,2,1,0,1,60.8,381.0,1976.4,2,3,1794.0,23920.0,21.5,22.3,,,,0.56,,,,0.2812,Faible,2294
22271,Saint-Adrien,22,Bretagne,53,5,2,40.0,0,0,0,2,1,1,1,69.8,438.4,1959.4,2,3,376.0,22022.0,23.3,27.4,,,,5.32,,,,0.3882,Moyenne,1454
22274,Saint-André-des-Eaux,22,Bretagne,53,5,2,40.0,0,2,1,0,0,2,0,61.3,258.2,1977.8,0,4,409.0,16229.0,26.0,23.6,,,,4.89,,,,0.4575,Moyenne,904
22276,Saint-Bihy,22,Bretagne,53,5,0,0.0,0,0,0,2,3,0,0,55.0,374.2,1987.4,2,3,267.0,17445.0,22.4,24.3,,,,0.0,,,,0.2786,Faible,2323
22280,Saint-Carné,22,Bretagne,53,7,4,57.14,0,0,1,1,1,3,1,94.7,416.4,1970.6,3,4,1167.0,16998.0,29.2,29.8,,,,3.43,,,,0.5156,Moyenne,556
22291,Saint-Gildas,22,Bretagne,53,6,3,50.0,0,0,0,1,2,2,1,88.1,420.7,1964.8,2,2,248.0,19128.0,23.0,25.3,,,,12.1,,,,0.469,Moyenne,827
22298,,,Bretagne,53,5,1,20.0,0,0,0,3,1,1,0,94.6,337.0,1977.2,2,2,,,,,,,,,,,,,,3613
22300,Saint-Hervé,22,Bretagne,53,6,3,50.0,0,0,1,2,0,1,2,70.8,408.2,1970.7,5,1,425.0,20453.0,25.2,21.9,,,,7.06,,,,0.4486,Moyenne,956
22307,Saint-Julien,22,Bretagne,53,6,1,16.67,1,0,1,1,2,1,0,58.7,379.7,1982.5,4,1,2101.0,19747.0,25.6,26.9,,,,0.48,,,,0.318,Faible,1975
22313,Saint-Martin-des-Prés,22,Bretagne,53,5,2,40.0,0,0,1,0,2,1,1,87.2,432.2,1980.2,4,1,319.0,19893.0,27.4,25.5,,,,6.27,,,,0.4146,Moyenne,1225
22316,Saint-Mayeux,22,Bretagne,53,5,2,40.0,0,0,0,2,1,1,1,56.5,370.8,1959.0,2,3,454.0,20268.0,23.5,26.4,,,,4.41,,,,0.4085,Moyenne,1280
22319,Saint-Michel-en-Grève,22,Bretagne,53,7,1,14.29,1,1,1,2,1,1,0,90.5,260.7,1982.6,3,3,447.0,17730.0,27.1,32.0,,,,2.24,,,,0.3343,Moyenne,1853
22331,Sainte-Tréphine,22,Bretagne,53,5,1,20.0,1,0,2,0,1,1,0,92.9,336.2,1995.0,3,1,189.0,21127.0,24.1,28.1,,,,5.29,,,,0.3189,Faible,1964
22335,Senven-Léhart,22,Bretagne,53,7,3,42.86,0,1,0,1,2,2,1,58.0,418.9,1969.4,4,3,235.0,21308.0,20.0,19.2,,,,12.77,,,,0.4147,Moyenne,1224
22338,Squiffiec,22,Bretagne,53,9,2,22.22,0,1,3,2,1,2,0,73.2,285.6,1978.7,3,5,747.0,14364.0,32.2,31.7,,,,2.68,,,,0.407,Moyenne,1293
22340,Tonquédec,22,Bretagne,53,5,2,40.0,0,0,0,0,3,1,1,72.8,464.0,1963.6,3,2,1201.0,21461.0,24.3,24.4,,,,1.67,,,,0.3917,Moyenne,1418
22346,Trédaniel,22,Bretagne,53,5,2,40.0,0,1,1,0,1,2,0,74.6,369.6,1976.6,3,2,906.0,18125.0,26.0,25.5,,,,2.21,,,,0.4324,Moyenne,1086
22353,Trégastel,22,Bretagne,53,5,2,40.0,0,0,0,0,3,2,0,111.1,578.8,1974.0,2,2,2524.0,23247.0,20.2,20.0,,,,0.79,,,,0.3694,Moyenne,1608
22366,Trémel,22,Bretagne,53,5,1,20.0,0,0,1,2,1,0,1,56.9,384.2,1974.6,0,4,409.0,19367.0,26.1,24.4,,,,2.44,,,,0.3376,Moyenne,1825
22368,Tréméreuc,22,Bretagne,53,6,4,66.67,0,0,0,2,0,2,2,84.2,449.7,1961.7,2,4,729.0,20062.0,21.1,18.3,,,,5.49,,,,0.5186,Moyenne,548
22369,Trémeur,22,Bretagne,53,5,4,80.0,0,0,0,1,0,2,2,101.7,503.8,1950.0,1,3,809.0,17503.0,25.3,25.1,,,,4.94,,,,0.6023,Moyenne,333
22376,Trévé,22,Bretagne,53,7,3,42.86,1,0,1,1,1,2,1,88.3,362.4,1968.6,4,2,1681.0,18389.0,22.5,25.4,,,,1.78,,,,0.4402,Moyenne,1026
29018,Brennilis,29,Bretagne,53,5,1,20.0,1,0,0,1,2,0,1,91.6,387.4,1973.8,3,2,454.0,24238.0,15.9,17.4,57.0,43.0,4.0,2.2,8.77,2.33,7.02,0.2787,Faible,2322
29019,Brest,29,Bretagne,53,5,1,20.0,2,0,1,1,0,0,1,85.8,219.6,1977.0,2,3,142346.0,26696.0,11.1,11.0,1450.0,962.0,146.0,0.01,0.34,0.1,10.07,0.2472,Faible,2732
29020,Briec,29,Bretagne,53,5,2,40.0,0,0,2,0,1,0,2,63.4,378.0,1964.2,2,3,5816.0,15124.0,30.0,35.7,5515.0,4419.0,632.0,0.34,0.09,0.05,11.46,0.4669,Moyenne,842
29022,Camaret-sur-Mer,29,Bretagne,53,5,1,20.0,0,0,1,0,3,1,0,94.6,430.8,1979.2,2,3,2494.0,23334.0,21.2,17.0,1287.0,976.0,146.0,0.4,0.39,0.1,11.34,0.288,Faible,2221
29024,Carhaix-Plouguer,29,Bretagne,53,7,1,14.29,0,1,0,3,2,1,0,70.3,343.4,1979.4,1,5,7412.0,28082.0,10.3,11.6,7124.0,5739.0,855.0,0.13,0.1,0.02,12.0,0.2078,Faible,3179
29027,Châteauneuf-du-Faou,29,Bretagne,53,5,2,40.0,1,0,1,1,0,1,1,58.4,310.4,1969.6,3,1,3651.0,23930.0,19.7,16.0,374.0,260.0,20.0,0.55,1.34,0.77,5.35,0.361,Moyenne,1663
29035,Coat-Méal,29,Bretagne,53,5,1,20.0,0,1,0,2,1,1,0,71.3,319.0,1981.0,3,1,1133.0,18812.0,28.9,31.2,349.0,227.0,48.0,0.88,1.43,0.44,13.75,0.3429,Moyenne,1793
29038,Commana,29,Bretagne,53,5,1,20.0,0,0,1,2,1,1,0,52.5,419.6,1979.6,2,3,983.0,25847.0,14.6,15.0,512.0,398.0,75.0,1.02,0.98,0.25,14.65,0.2583,Faible,2575
29044,Dinéault,29,Bretagne,53,5,0,0.0,1,0,2,1,1,0,0,61.6,294.4,1992.6,3,2,1853.0,23483.0,21.6,24.9,4102.0,3249.0,379.0,0.0,0.12,0.0,9.24,0.2059,Faible,3198
29051,Ergué-Gabéric,29,Bretagne,53,5,1,20.0,0,0,3,1,0,1,0,46.0,251.0,1986.6,3,1,8606.0,22721.0,19.5,23.0,1595.0,1270.0,193.0,0.12,0.31,0.08,12.1,0.2952,Faible,2145
29055,Le Folgoët,29,Bretagne,53,6,3,50.0,0,0,1,1,1,2,1,83.6,365.8,1969.8,2,4,3315.0,21066.0,21.5,17.8,814.0,676.0,77.0,0.9,0.74,0.44,9.46,0.4358,Moyenne,1062
29057,La Forêt-Fouesnant,29,Bretagne,53,5,1,20.0,0,0,3,1,0,0,1,87.7,337.0,1996.4,2,3,3508.0,16495.0,28.4,33.6,270.0,206.0,36.0,0.29,1.85,0.49,13.33,0.3703,Moyenne,1600
29064,Goulven,29,Bretagne,53,6,2,33.33,0,0,1,2,1,2,0,83.5,385.3,1973.2,3,2,432.0,20011.0,23.1,19.1,256.0,198.0,31.0,4.63,2.34,1.01,12.11,0.3851,Moyenne,1480
29078,Hanvec,29,Bretagne,53,5,0,0.0,0,0,0,4,1,0,0,115.1,343.8,1971.4,2,3,2025.0,15177.0,32.2,29.5,969.0,750.0,71.0,0.0,0.52,0.0,7.33,0.3059,Faible,2062
29084,Île-Molène,29,Bretagne,53,7,1,14.29,1,0,2,3,0,0,1,70.8,276.3,1985.0,3,4,176.0,21339.0,21.2,21.9,1943.0,1633.0,166.0,5.68,0.36,0.06,8.54,0.2939,Faible,2159
29085,Île-Tudy,29,Bretagne,53,8,0,0.0,0,1,2,4,1,0,0,70.8,287.6,1990.0,3,4,742.0,22976.0,22.9,24.3,1964.0,1431.0,180.0,0.0,0.41,0.0,9.16,0.212,Faible,3148
29092,,,Bretagne,53,6,0,0.0,0,2,0,3,1,0,0,69.7,222.7,1988.2,5,1,,,,,6668.0,5530.0,343.0,,0.09,0.0,5.14,,,3613
29095,Kersaint-Plabennec,29,Bretagne,53,5,2,40.0,0,0,0,1,2,2,0,64.2,486.2,1976.6,3,2,1571.0,21029.0,20.4,16.5,4841.0,4069.0,349.0,1.27,0.1,0.05,7.21,0.3965,Moyenne,1386
29096,,,Bretagne,53,5,2,40.0,0,1,1,1,0,2,0,71.0,358.8,1963.2,2,3,,,,,47828.0,33106.0,5907.0,,0.01,0.01,12.35,,,3613
29097,Lampaul-Guimiliau,29,Bretagne,53,7,3,42.86,0,1,2,1,0,1,2,85.2,377.4,1981.3,2,4,2032.0,22655.0,17.5,19.3,879.0,588.0,115.0,1.48,0.8,0.51,13.08,0.3886,Moyenne,1450
29101,Landéda,29,Bretagne,53,7,2,28.57,0,2,0,1,2,1,1,89.9,400.9,1972.6,2,5,3702.0,22819.0,17.9,16.2,,,,0.54,,,,0.3286,Faible,1910
29110,Langolen,29,Bretagne,53,5,0,0.0,1,0,1,1,2,0,0,80.1,361.4,1989.2,3,2,836.0,25010.0,17.4,18.8,,,,0.0,,,,0.1875,Faible,3343
29115,Lannédern,29,Bretagne,53,5,0,0.0,0,1,1,1,2,0,0,76.3,349.4,1989.8,2,3,321.0,15297.0,30.4,26.0,,,,0.0,,,,0.3045,Faible,2070
29116,Lanneuffret,29,Bretagne,53,8,3,37.5,0,0,2,1,2,2,1,83.3,365.9,1968.2,5,3,158.0,20190.0,23.0,26.5,,,,18.99,,,,0.4122,Moyenne,1248
29130,Locmaria-Plouzané,29,Bretagne,53,7,2,28.57,0,0,0,5,0,2,0,110.6,316.7,1963.9,4,3,5130.0,22044.0,20.1,22.6,,,,0.39,,,,0.3379,Moyenne,1822
29131,Locmélar,29,Bretagne,53,6,1,16.67,0,0,2,1,2,0,1,83.4,425.0,1982.0,1,3,487.0,19016.0,25.6,21.3,,,,2.05,,,,0.3282,Faible,1915
29133,Locquirec,29,Bretagne,53,5,4,80.0,0,0,0,1,0,2,2,77.7,515.8,1951.2,3,2,1555.0,20177.0,25.6,26.4,,,,2.57,,,,0.568,Moyenne,413
29135,Loctudy,29,Bretagne,53,5,1,20.0,1,0,1,2,0,0,1,54.0,302.8,1976.0,2,3,4075.0,21149.0,21.8,24.6,,,,0.25,,,,0.3142,Faible,1998
29140,Loperhet,29,Bretagne,53,5,0,0.0,0,0,0,3,2,0,0,61.2,273.4,1986.2,3,2,3959.0,24234.0,19.3,22.7,,,,0.0,,,,0.1968,Faible,3279
29150,Moëlan-sur-Mer,29,Bretagne,53,5,1,20.0,0,0,2,0,2,1,0,62.4,422.4,1987.4,2,3,6749.0,19237.0,22.9,26.4,,,,0.15,,,,0.3372,Moyenne,1830
29152,Motreff,29,Bretagne,53,5,0,0.0,1,0,0,1,3,0,0,81.9,363.4,1984.8,3,2,654.0,18937.0,26.1,30.3,,,,0.0,,,,0.2606,Faible,2537
29167,Plogastel-Saint-Germain,29,Bretagne,53,9,3,33.33,0,0,1,3,2,2,1,80.0,312.9,1966.4,4,5,2024.0,23290.0,20.7,22.3,,,,1.48,,,,0.3428,Moyenne,1794
29187,Plougar,29,Bretagne,53,8,0,0.0,0,2,0,1,5,0,0,77.8,399.8,1988.4,6,2,789.0,17291.0,27.7,31.6,,,,0.0,,,,0.2805,Faible,2299
29197,Plouhinec,29,Bretagne,53,6,3,50.0,0,0,1,1,1,2,1,140.2,431.2,1966.3,3,3,3919.0,20489.0,22.7,22.5,,,,0.77,,,,0.4426,Moyenne,1010
29198,Plouider,29,Bretagne,53,5,2,40.0,0,0,1,1,1,0,2,43.0,429.8,1974.0,0,5,1809.0,16505.0,29.1,26.7,,,,1.11,,,,0.4509,Moyenne,942
29205,Plounévézel,29,Bretagne,53,8,1,12.5,2,1,0,1,3,1,0,69.8,365.0,1987.8,3,3,1157.0,21036.0,21.9,17.7,,,,0.86,,,,0.2861,Faible,2239
29208,Plourin,29,Bretagne,53,5,2,40.0,0,0,2,0,1,2,0,60.0,455.4,1973.4,2,3,1268.0,13129.0,30.8,36.8,,,,1.58,,,,0.492,Moyenne,671
29210,Plouvorn,29,Bretagne,53,5,1,20.0,1,0,1,2,0,0,1,75.4,284.0,1988.8,3,2,2916.0,21683.0,23.7,23.5,,,,0.34,,,,0.3079,Faible,2046
29214,Plovan,29,Bretagne,53,5,2,40.0,0,0,1,2,0,0,2,65.0,321.4,1976.8,4,1,677.0,18118.0,27.7,24.1,,,,2.95,,,,0.4331,Moyenne,1080
29223,,,Bretagne,53,6,0,0.0,0,2,1,1,2,0,0,75.0,292.5,1992.0,2,3,,,,,,,,,,,,,,3613
29229,Quéménéven,29,Bretagne,53,6,2,33.33,1,0,1,0,2,1,1,51.4,442.8,1985.7,1,4,1119.0,19784.0,27.4,24.8,,,,1.79,,,,0.3854,Moyenne,1476
29231,,,Bretagne,53,5,3,60.0,0,0,0,2,0,2,1,63.4,384.0,1957.2,2,3,,,,,,,,,,,,,,3613
29234,Rédené,29,Bretagne,53,5,2,40.0,0,1,1,0,1,2,0,80.7,419.4,1988.2,4,1,3043.0,20619.0,21.0,24.2,,,,0.66,,,,0.401,Moyenne,1342
29238,Roscanvel,29,Bretagne,53,5,2,40.0,0,0,0,1,2,1,1,88.2,449.4,1976.8,3,2,855.0,24398.0,19.7,17.2,,,,2.34,,,,0.3569,Moyenne,1685
29239,Roscoff,29,Bretagne,53,8,2,25.0,0,0,3,2,1,1,1,64.7,342.5,1977.5,4,4,3334.0,24107.0,16.8,15.6,,,,0.6,,,,0.2989,Faible,2116
29247,Saint-Évarzec,29,Bretagne,53,5,2,40.0,0,0,1,2,0,1,1,82.5,379.0,1974.0,2,2,3574.0,20500.0,23.3,27.2,,,,0.56,,,,0.4024,Moyenne,1334
29256,Saint-Nic,29,Bretagne,53,5,1,20.0,0,0,1,0,3,1,0,56.4,434.4,1973.2,3,2,753.0,20329.0,26.1,30.9,,,,1.33,,,,0.3251,Faible,1932
29259,Saint-Pol-de-Léon,29,Bretagne,53,10,5,50.0,0,0,1,4,0,1,4,75.2,397.6,1969.1,5,5,6941.0,23862.0,21.3,24.7,,,,0.72,,,,0.4019,Moyenne,1337
29260,Saint-Renan,29,Bretagne,53,5,1,20.0,0,0,1,1,2,0,1,59.0,358.4,1985.8,2,3,8577.0,22216.0,24.0,24.1,,,,0.12,,,,0.3013,Faible,2094
29261,Saint-Rivoal,29,Bretagne,53,7,0,0.0,0,1,1,4,1,0,0,55.0,301.7,1982.4,5,2,223.0,16260.0,24.8,23.6,,,,0.0,,,,0.2929,Faible,2167
29264,Saint-Servais,29,Bretagne,53,6,2,33.33,0,1,0,3,0,2,0,49.3,267.2,1973.8,0,6,784.0,24226.0,18.2,14.7,,,,2.55,,,,0.3325,Moyenne,1877
29267,Saint-Thois,29,Bretagne,53,5,1,20.0,1,0,0,1,2,1,0,52.9,327.8,1972.4,4,1,703.0,15422.0,28.8,25.1,,,,1.42,,,,0.3842,Moyenne,1490
29275,Scrignac,29,Bretagne,53,5,1,20.0,0,0,2,1,1,0,1,53.4,320.8,1988.0,2,3,816.0,16133.0,29.7,27.1,,,,1.23,,,,0.3755,Moyenne,1560
29282,Trébabu,29,Bretagne,53,7,1,14.29,1,0,2,2,1,1,0,103.1,339.7,1986.4,2,5,368.0,22923.0,21.6,20.4,,,,2.72,,,,0.2722,Faible,2384
29284,Treffiagat,29,Bretagne,53,5,2,40.0,0,0,0,1,2,1,1,84.2,463.8,1962.8,5,0,2429.0,19777.0,29.1,29.0,,,,0.82,,,,0.4113,Moyenne,1256
29286,Tréflévénez,29,Bretagne,53,5,0,0.0,0,1,0,1,3,0,0,70.9,346.8,1984.4,1,4,260.0,13908.0,34.7,28.4,,,,0.0,,,,0.3212,Faible,1950
29290,Tréglonou,29,Bretagne,53,7,1,14.29,0,0,2,3,1,1,0,78.4,336.3,1981.4,4,3,689.0,16947.0,29.8,26.7,,,,1.45,,,,0.3431,Moyenne,1790
29295,Trémaouézan,29,Bretagne,53,6,2,33.33,0,0,1,3,0,1,1,89.5,321.7,1984.3,4,2,483.0,24747.0,14.7,11.8,,,,4.14,,,,0.3276,Faible,1918
29297,Tréméven,29,Bretagne,53,8,2,25.0,1,0,2,1,2,1,1,64.0,332.5,1978.8,6,2,2402.0,18599.0,28.6,34.0,,,,0.83,,,,0.3655,Moyenne,1635
29298,Tréogat,29,Bretagne,53,6,1,16.67,1,2,2,0,0,1,0,73.0,181.7,1997.2,4,2,573.0,18457.0,23.6,24.9,,,,1.75,,,,0.3347,Moyenne,1852
29303,,,Bretagne,53,8,2,25.0,0,0,1,3,2,2,0,81.7,353.4,1978.6,3,5,,,,,,,,,,,,,,3613
29304,,,Bretagne,53,6,4,66.67,1,1,0,0,0,4,0,60.2,440.3,1969.5,3,3,,,,,,,,,,,,,,3613
29306,,,Bretagne,53,6,3,50.0,0,1,2,0,0,2,1,59.3,334.5,1976.0,3,3,,,,,,,,,,,,,,3613
29315,,,Bretagne,53,5,4,80.0,0,0,0,0,1,3,1,111.6,476.2,1946.0,2,3,,,,,,,,,,,,,,3613
29320,,,Bretagne,53,7,3,42.86,0,0,0,2,2,1,2,97.9,410.7,1975.6,2,5,,,,,,,,,,,,,,3613
29321,,,Bretagne,53,13,2,15.38,0,1,2,4,4,2,0,62.6,378.8,1983.3,5,7,,,,,,,,,,,,,,3613
29322,,,Bretagne,53,5,0,0.0,1,1,3,0,0,0,0,78.5,162.0,2004.0,4,1,,,,,,,,,,,,,,3613
29327,,,Bretagne,53,6,0,0.0,0,1,2,3,0,0,0,75.0,185.2,1991.7,2,3,,,,,,,,,,,,,,3613
29333,,,Bretagne,53,6,3,50.0,0,0,1,1,1,3,0,68.3,381.3,1975.5,4,2,,,,,,,,,,,,,,3613
29339,,,Bretagne,53,7,3,42.86,0,0,0,1,3,3,0,104.6,414.9,1973.6,4,3,,,,,,,,,,,,,,3613
29344,,,Bretagne,53,5,1,20.0,0,0,1,2,1,1,0,70.2,306.6,1974.8,1,4,,,,,,,,,,,,,,3613
29357,,,Bretagne,53,6,2,33.33,0,1,1,2,0,0,2,90.4,253.8,1977.0,5,1,,,,,,,,,,,,,,3613
29363,,,Bretagne,53,5,3,60.0,0,0,0,1,1,2,1,59.0,434.6,1960.6,2,3,,,,,,,,,,,,,,3613
29368,,,Bretagne,53,6,2,33.33,0,1,0,1,2,1,1,100.5,443.3,1979.8,4,2,,,,,,,,,,,,,,3613
29373,,,Bretagne,53,7,1,14.29,0,1,1,3,1,0,1,70.7,255.9,1977.4,4,3,,,,,,,,,,,,,,3613
29376,,,Bretagne,53,7,1,14.29,0,0,2,3,1,0,1,64.5,333.0,1974.4,3,4,,,,,,,,,,,,,,3613
29383,,,Bretagne,53,6,1,16.67,1,1,2,0,1,1,0,73.7,271.5,1990.2,4,2,,,,,,,,,,,,,,3613
29392,,,Bretagne,53,5,2,40.0,0,0,1,1,1,1,1,77.8,371.8,1974.8,3,2,,,,,,,,,,,,,,3613
29397,,,Bretagne,53,6,1,16.67,0,0,2,2,1,1,0,77.5,311.7,1982.5,3,2,,,,,,,,,,,,,,3613
35008,Availles-sur-Seiche,35,Bretagne,53,5,2,40.0,0,0,1,1,1,1,1,42.2,408.2,1975.4,4,1,630.0,24531.0,18.1,15.7,514.0,418.0,45.0,3.17,0.97,0.48,8.75,0.356,Moyenne,1693
35021,Beaucé,35,Bretagne,53,5,1,20.0,1,1,0,1,1,0,1,50.5,255.0,1981.6,1,3,1256.0,17156.0,26.9,28.8,325.0,216.0,18.0,0.8,1.54,0.46,5.54,0.3628,Moyenne,1649
35024,Betton,35,Bretagne,53,5,2,40.0,0,0,0,2,1,0,2,72.2,352.2,1962.0,1,4,12964.0,22460.0,18.3,21.7,561.0,466.0,46.0,0.15,0.89,0.43,8.2,0.3784,Moyenne,1533
35025,Billé,35,Bretagne,53,6,2,33.33,0,0,1,1,2,1,1,87.0,444.2,1969.8,4,2,1010.0,28867.0,11.6,11.0,191.0,160.0,24.0,1.98,3.14,1.25,12.57,0.2761,Faible,2346
35027,Boisgervilly,35,Bretagne,53,5,1,20.0,0,0,2,1,1,0,1,92.4,360.0,1980.6,4,0,1804.0,22461.0,21.9,22.5,54548.0,44204.0,6958.0,0.55,0.01,0.0,12.76,0.2987,Faible,2118
35036,,,Bretagne,53,6,3,50.0,0,0,0,0,3,3,0,90.1,494.3,1961.0,2,2,,,,,1952.0,1434.0,215.0,,0.31,0.21,11.01,,,3613
35038,Bréal-sous-Vitré,35,Bretagne,53,5,1,20.0,0,0,2,2,0,1,0,78.0,296.0,1984.4,2,3,612.0,19518.0,28.1,32.6,1775.0,1423.0,131.0,1.63,0.28,0.07,7.38,0.3351,Moyenne,1848
35040,Breteil,35,Bretagne,53,5,3,60.0,0,0,1,1,0,0,3,84.3,442.4,1969.0,1,4,3675.0,27955.0,15.9,14.5,552.0,387.0,58.0,0.82,0.91,0.78,10.51,0.3928,Moyenne,1405
35041,Brie,35,Bretagne,53,5,1,20.0,0,0,0,2,2,1,0,78.2,431.4,1968.0,3,2,988.0,23186.0,22.6,21.4,291.0,219.0,15.0,1.01,1.72,0.46,5.15,0.2904,Faible,2199
35043,,,Bretagne,53,5,0,0.0,2,0,0,2,1,0,0,118.4,246.8,1984.0,2,3,,,,,2335.0,1683.0,174.0,,0.21,0.0,7.45,,,3613
35046,Les Brulais,35,Bretagne,53,8,3,37.5,1,0,1,2,1,2,1,62.1,372.9,1976.9,5,3,542.0,17574.0,25.4,28.7,10655.0,7155.0,690.0,5.54,0.08,0.04,6.48,0.4319,Moyenne,1089
35053,,,Bretagne,53,6,2,33.33,0,0,1,2,1,0,2,70.9,341.8,1977.0,3,3,,,,,157.0,114.0,22.0,,3.82,1.75,14.01,,,3613
35055,Chantepie,35,Bretagne,53,6,4,66.67,0,0,1,1,0,2,2,95.7,431.8,1965.0,3,3,10670.0,18595.0,25.6,26.3,11.0,8.0,1.0,0.37,54.55,50.0,9.09,0.5318,Moyenne,497
35058,La Chapelle-Chaussée,35,Bretagne,53,5,1,20.0,0,0,0,1,3,1,0,60.9,503.0,1977.4,1,4,1298.0,13680.0,29.4,35.2,2163.0,1654.0,168.0,0.77,0.23,0.06,7.77,0.4047,Moyenne,1313
35060,La Chapelle du Lou du Lac,35,Bretagne,53,5,2,40.0,0,0,0,2,1,2,0,105.4,388.2,1968.6,3,2,1050.0,24643.0,16.0,15.1,1313.0,1071.0,66.0,1.9,0.38,0.19,5.03,0.3536,Moyenne,1716
35065,La Chapelle-Thouarault,35,Bretagne,53,5,0,0.0,0,1,0,2,2,0,0,76.1,325.8,1988.4,1,3,2304.0,20221.0,21.8,20.6,1018.0,842.0,101.0,0.0,0.49,0.0,9.92,0.2452,Faible,2766
35067,Chasné-sur-Illet,35,Bretagne,53,6,2,33.33,0,2,0,1,1,2,0,95.7,365.2,1976.0,2,4,1744.0,21367.0,26.5,24.9,845.0,684.0,87.0,1.15,0.71,0.29,10.3,0.3657,Moyenne,1633
35069,Châteaugiron,35,Bretagne,53,6,1,16.67,0,0,1,0,4,0,1,65.9,475.5,1970.3,2,4,10845.0,22399.0,16.1,17.6,4871.0,3700.0,589.0,0.09,0.12,0.03,12.09,0.2857,Faible,2245
35071,Le Châtellier,35,Bretagne,53,6,3,50.0,0,0,0,1,2,2,1,72.7,548.8,1972.2,4,2,430.0,22661.0,22.5,22.3,27.0,20.0,3.0,6.98,22.22,15.0,11.11,0.4219,Moyenne,1172
35072,Châtillon-en-Vendelais,35,Bretagne,53,5,0,0.0,0,1,0,2,2,0,0,92.4,393.8,1985.6,3,2,1775.0,22734.0,26.8,24.3,1011.0,781.0,108.0,0.0,0.49,0.0,10.68,0.2149,Faible,3124
35073,,,Bretagne,53,7,1,14.29,1,0,2,0,3,1,0,61.8,386.7,1986.4,4,3,,,,,245.0,187.0,16.0,,2.86,0.53,6.53,,,3613
35076,Chavagne,35,Bretagne,53,7,3,42.86,0,1,0,1,2,3,0,97.4,476.1,1970.7,3,4,4709.0,23601.0,18.3,20.9,4741.0,3458.0,335.0,0.64,0.15,0.09,7.07,0.3765,Moyenne,1550
35083,,,Bretagne,53,5,1,20.0,1,1,1,0,1,1,0,93.5,320.4,1987.4,4,1,,,,,99.0,67.0,6.0,,5.05,1.49,6.06,,,3613
35088,Corps-Nuds,35,Bretagne,53,8,2,25.0,0,0,1,2,3,2,0,75.9,408.1,1978.4,5,3,3567.0,18852.0,27.2,23.2,3537.0,2696.0,258.0,0.56,0.23,0.07,7.29,0.3622,Moyenne,1654
35091,Le Crouais,35,Bretagne,53,6,2,33.33,0,0,0,1,3,0,2,63.4,464.8,1970.8,4,2,592.0,23318.0,18.8,16.5,5073.0,3880.0,288.0,3.38,0.12,0.05,5.68,0.3442,Moyenne,1781
35102,Drouges,35,Bretagne,53,5,1,20.0,0,0,0,2,2,1,0,102.4,445.2,1975.4,3,2,502.0,26319.0,15.3,12.7,,,,1.99,,,,0.2535,Faible,2646
35104,Epiniac,35,Bretagne,53,6,2,33.33,0,0,0,1,3,1,1,76.3,495.7,1975.0,5,1,1438.0,23686.0,17.5,15.8,,,,1.39,,,,0.338,Moyenne,1821
35136,Janzé,35,Bretagne,53,5,1,20.0,0,1,1,1,1,1,0,76.8,345.4,1980.6,3,2,8649.0,20155.0,25.5,20.8,,,,0.12,,,,0.3261,Faible,1926
35137,Javené,35,Bretagne,53,5,1,20.0,0,0,1,3,0,1,0,78.0,255.6,1973.2,2,3,2205.0,19267.0,24.3,24.9,,,,0.45,,,,0.3371,Moyenne,1832
35140,Lalleu,35,Bretagne,53,5,1,20.0,0,1,2,1,0,1,0,68.2,273.4,1989.4,3,2,593.0,21145.0,20.1,19.9,,,,1.69,,,,0.3156,Faible,1992
35141,Landavran,35,Bretagne,53,5,0,0.0,1,0,1,2,1,0,0,127.6,231.8,1992.4,3,2,674.0,16737.0,26.4,22.5,,,,0.0,,,,0.2872,Faible,2226
35149,Lassy,35,Bretagne,53,6,0,0.0,1,0,2,3,0,0,0,98.8,219.0,1987.0,0,6,1841.0,18753.0,24.6,24.6,,,,0.0,,,,0.2629,Faible,2502
35150,Lécousse,35,Bretagne,53,7,4,57.14,0,0,0,2,1,2,2,67.9,356.1,1957.6,2,5,3530.0,22328.0,22.3,22.3,,,,1.13,,,,0.4494,Moyenne,951
35161,Louvigné-de-Bais,35,Bretagne,53,6,3,50.0,1,0,0,0,2,2,1,84.9,377.8,1966.5,3,2,1890.0,19722.0,28.3,25.8,,,,1.59,,,,0.4526,Moyenne,930
35167,Martigné-Ferchaud,35,Bretagne,53,5,2,40.0,0,1,1,1,0,0,2,110.3,328.4,1975.8,2,3,2688.0,26201.0,16.2,16.1,,,,0.74,,,,0.3338,Moyenne,1858
35168,Val d'Anast,35,Bretagne,53,6,2,33.33,1,0,1,2,0,1,1,103.8,304.5,1970.8,3,3,3930.0,22271.0,18.9,19.9,,,,0.51,,,,0.3543,Moyenne,1712
35170,Mecé,35,Bretagne,53,7,0,0.0,0,1,0,3,3,0,0,56.0,336.7,1978.0,6,1,618.0,17387.0,24.9,28.5,,,,0.0,,,,0.2793,Faible,2315
35171,Médréac,35,Bretagne,53,5,2,40.0,0,0,0,1,2,1,1,71.5,479.8,1957.0,5,0,1853.0,19088.0,23.5,26.0,,,,1.08,,,,0.4198,Moyenne,1191
35172,Meillac,35,Bretagne,53,6,2,33.33,0,1,2,0,1,0,2,54.1,407.3,1985.3,4,2,1974.0,15700.0,29.3,33.6,,,,1.01,,,,0.4338,Moyenne,1072
35173,Melesse,35,Bretagne,53,5,1,20.0,0,0,1,1,2,0,1,82.1,413.8,1985.2,4,1,7541.0,21084.0,24.9,26.2,,,,0.13,,,,0.3149,Faible,1994
35174,Mellé,35,Bretagne,53,6,2,33.33,0,0,0,1,3,1,1,71.8,491.7,1972.3,4,2,651.0,24457.0,20.5,22.2,,,,3.07,,,,0.3302,Moyenne,1895
35175,Mernel,35,Bretagne,53,6,3,50.0,0,0,1,1,1,2,1,84.1,421.5,1970.7,4,2,1021.0,22220.0,22.9,27.1,,,,2.94,,,,0.4237,Moyenne,1162
35180,Miniac-sous-Bécherel,35,Bretagne,53,5,1,20.0,0,0,0,2,2,1,0,83.1,438.2,1983.0,3,2,776.0,24402.0,18.7,15.8,,,,1.29,,,,0.276,Faible,2347
35184,Montauban-de-Bretagne,35,Bretagne,53,5,0,0.0,0,1,1,1,2,0,0,73.4,322.2,1992.2,4,1,6597.0,21285.0,23.9,25.2,,,,0.0,,,,0.2324,Faible,2941
35190,Monthault,35,Bretagne,53,7,0,0.0,3,0,0,2,2,0,0,75.4,262.1,1989.6,6,1,248.0,25132.0,14.2,13.8,,,,0.0,,,,0.186,Faible,3354
35199,Moussé,35,Bretagne,53,7,3,42.86,0,0,2,1,1,3,0,79.8,308.6,1969.1,5,2,293.0,23556.0,18.7,22.1,,,,10.24,,,,0.3854,Moyenne,1476
35204,Nouvoitou,35,Bretagne,53,5,3,60.0,0,0,1,0,1,3,0,99.2,517.8,1969.0,2,3,3911.0,23749.0,22.5,22.0,,,,0.77,,,,0.4434,Moyenne,1006
35208,Orgères,35,Bretagne,53,6,3,50.0,0,0,1,1,1,1,2,73.4,395.3,1959.3,2,4,5732.0,24692.0,17.8,15.2,,,,0.52,,,,0.3918,Moyenne,1417
35211,Paimpont,35,Bretagne,53,7,3,42.86,0,0,0,3,1,3,0,74.2,341.3,1963.1,4,2,1772.0,17436.0,27.9,30.1,,,,1.69,,,,0.4517,Moyenne,938
35215,Parigné,35,Bretagne,53,10,3,30.0,0,0,1,4,2,2,1,64.8,345.9,1968.1,5,3,1286.0,23741.0,17.1,15.9,,,,2.33,,,,0.3248,Faible,1934
35217,Le Pertre,35,Bretagne,53,8,5,62.5,1,0,0,2,0,1,4,52.7,377.5,1964.6,4,3,1363.0,17186.0,24.5,29.2,,,,3.67,,,,0.5349,Moyenne,485
35218,Le Petit-Fougeray,35,Bretagne,53,6,2,33.33,0,1,0,3,0,0,2,79.8,237.5,1978.8,3,1,901.0,16966.0,28.1,33.4,,,,2.22,,,,0.4197,Moyenne,1194
35227,Pleumeleuc,35,Bretagne,53,5,0,0.0,0,0,1,3,1,0,0,61.0,297.6,1986.8,3,2,3543.0,24831.0,15.5,14.2,,,,0.0,,,,0.1897,Faible,3328
35228,Pleurtuit,35,Bretagne,53,7,2,28.57,1,0,0,3,1,1,1,80.1,400.9,1968.7,3,3,7167.0,26428.0,14.5,11.7,,,,0.28,,,,0.2849,Faible,2253
35229,Pocé-les-Bois,35,Bretagne,53,8,3,37.5,0,0,1,2,2,2,1,73.2,387.6,1970.0,5,3,1312.0,21919.0,23.1,20.4,,,,2.29,,,,0.3767,Moyenne,1547
35234,Quédillac,35,Bretagne,53,6,2,33.33,0,0,1,1,2,1,1,57.1,393.5,1963.2,3,1,1287.0,19810.0,25.3,28.3,,,,1.55,,,,0.3848,Moyenne,1484
35235,Rannée,35,Bretagne,53,6,1,16.67,0,0,2,1,2,1,0,102.2,390.7,1982.2,4,2,1100.0,33736.0,10.2,9.2,,,,0.91,,,,0.1499,Faible,3512
35238,Rennes,35,Bretagne,53,6,0,0.0,0,0,2,1,3,0,0,90.5,365.7,1988.2,2,4,230890.0,23275.0,17.6,17.9,,,,0.0,,,,0.2084,Faible,3176
35240,Le Rheu,35,Bretagne,53,5,2,40.0,0,0,0,1,2,1,1,96.0,405.4,1966.4,0,5,9839.0,28635.0,13.5,11.6,,,,0.2,,,,0.304,Faible,2074
35248,Sains,35,Bretagne,53,7,3,42.86,0,0,1,1,2,2,1,76.2,437.4,1965.4,5,1,468.0,24338.0,16.3,19.1,,,,6.41,,,,0.3727,Moyenne,1582
35251,Saint-Aubin-d'Aubigné,35,Bretagne,53,5,1,20.0,1,0,2,0,1,0,1,89.5,295.2,1980.8,2,3,4304.0,20781.0,22.1,25.5,,,,0.23,,,,0.3187,Faible,1967
35254,,,Bretagne,53,5,0,0.0,0,2,1,1,1,0,0,65.1,220.4,1995.2,2,3,,,,,,,,,,,,,,3613
35257,Maen Roch,35,Bretagne,53,7,1,14.29,1,0,2,1,2,0,1,67.4,328.1,1981.9,2,5,5088.0,21795.0,20.0,17.2,,,,0.2,,,,0.2836,Faible,2264
35270,Saint-Georges-de-Gréhaigne,35,Bretagne,53,8,2,25.0,1,1,1,3,0,1,1,46.5,287.6,1980.4,7,1,384.0,25569.0,14.8,12.0,,,,5.21,,,,0.2853,Faible,2250
35289,Saint-Malo-de-Phily,35,Bretagne,53,5,3,60.0,0,0,0,2,0,2,1,58.7,364.8,1958.0,3,2,1081.0,22237.0,22.9,22.4,,,,2.78,,,,0.4633,Moyenne,867
35300,Saint-M'Hervé,35,Bretagne,53,5,3,60.0,0,0,1,0,1,3,0,78.5,512.6,1961.4,2,2,1354.0,20060.0,26.8,26.6,,,,2.22,,,,0.4891,Moyenne,695
35306,Saint-Père-Marc-en-Poulet,35,Bretagne,53,7,2,28.57,0,0,1,1,3,2,0,63.0,440.1,1969.0,4,1,2440.0,19923.0,18.3,15.2,,,,0.82,,,,0.3638,Moyenne,1645
35307,Saint-Pern,35,Bretagne,53,5,1,20.0,0,1,1,0,2,1,0,81.1,306.2,1977.2,2,2,966.0,23152.0,21.6,23.7,,,,1.04,,,,0.2908,Faible,2193
35311,Saint-Séglin,35,Bretagne,53,8,1,12.5,0,2,0,3,2,1,0,59.1,270.0,1976.1,4,4,610.0,20642.0,23.3,22.1,,,,1.64,,,,0.2916,Faible,2180
35343,Tresbœuf,35,Bretagne,53,6,0,0.0,0,0,1,3,2,0,0,53.9,387.8,1981.2,1,4,1234.0,21977.0,21.4,21.3,,,,0.0,,,,0.224,Faible,3030
35344,,,Bretagne,53,6,1,16.67,0,2,1,1,1,1,0,98.1,254.8,1985.0,3,3,,,,,,,,,,,,,,3613
35347,Val-d'Izé,35,Bretagne,53,5,2,40.0,0,1,0,1,1,0,2,68.9,349.6,1966.8,2,2,2620.0,21032.0,21.6,24.3,,,,0.76,,,,0.3961,Moyenne,1389
35353,Vezin-le-Coquet,35,Bretagne,53,5,3,60.0,1,0,1,0,0,3,0,65.7,376.8,1980.8,2,3,6471.0,21037.0,17.8,15.4,,,,0.46,,,,0.4758,Moyenne,771
35355,Vieux-Vy-sur-Couesnon,35,Bretagne,53,5,0,0.0,0,2,0,1,2,0,0,74.6,321.0,1987.4,2,3,1286.0,18757.0,26.7,25.9,,,,0.0,,,,0.2628,Faible,2504
35356,Vignoc,35,Bretagne,53,9,3,33.33,0,0,2,1,3,2,1,73.6,430.9,1978.0,5,3,2329.0,21271.0,20.4,17.9,,,,1.29,,,,0.367,Moyenne,1627
35366,,,Bretagne,53,5,3,60.0,0,0,0,2,0,2,1,72.1,402.6,1962.8,0,4,,,,,,,,,,,,,,3613
35375,,,Bretagne,53,5,1,20.0,0,0,1,1,2,1,0,87.0,421.0,1976.8,2,3,,,,,,,,,,,,,,3613
35378,,,Bretagne,53,6,3,50.0,0,0,0,1,2,3,0,47.6,549.8,1962.2,4,2,,,,,,,,,,,,,,3613
35381,,,Bretagne,53,7,2,28.57,0,0,1,3,1,2,0,73.3,364.6,1967.7,4,3,,,,,,,,,,,,,,3613
35390,,,Bretagne,53,6,3,50.0,0,0,1,2,0,2,1,56.7,390.8,1958.7,4,2,,,,,,,,,,,,,,3613
35395,,,Bretagne,53,5,1,20.0,0,0,2,1,1,1,0,65.2,317.8,1981.8,2,2,,,,,,,,,,,,,,3613
56001,Allaire,56,Bretagne,53,6,1,16.67,0,1,1,0,3,1,0,63.6,382.5,1984.8,2,4,3955.0,18560.0,26.7,25.1,2301.0,1895.0,321.0,0.25,0.26,0.05,13.95,0.3321,Moyenne,1880
56002,Ambon,56,Bretagne,53,6,0,0.0,1,1,0,2,2,0,0,81.2,259.3,1982.8,1,4,2101.0,19712.0,25.6,25.2,1224.0,886.0,125.0,0.0,0.49,0.0,10.21,0.2513,Faible,2681
56007,Auray,56,Bretagne,53,6,0,0.0,1,0,1,2,2,0,0,46.4,314.5,1992.8,3,3,14207.0,23719.0,15.3,16.8,684.0,526.0,102.0,0.0,0.88,0.0,14.91,0.2031,Faible,3223
56009,Bangor,56,Bretagne,53,5,1,20.0,1,0,2,1,0,0,1,90.1,229.2,1988.2,1,4,994.0,12720.0,33.1,38.8,468.0,376.0,28.0,1.01,1.07,0.27,5.98,0.4164,Moyenne,1211
56016,,,Bretagne,53,9,1,11.11,0,0,2,4,2,1,0,85.7,339.2,1979.7,3,5,,,,,785.0,571.0,110.0,,1.15,0.18,14.01,,,3613
56019,Billio,56,Bretagne,53,10,4,40.0,0,0,1,3,2,2,2,75.0,423.6,1971.6,4,6,335.0,19366.0,23.9,23.0,2328.0,1809.0,281.0,11.94,0.43,0.22,12.07,0.426,Moyenne,1138
56025,Brignac,56,Bretagne,53,5,2,40.0,0,0,2,0,1,1,1,60.9,352.6,1967.2,2,3,200.0,21177.0,22.3,19.7,2267.0,1867.0,204.0,10.0,0.22,0.11,9.0,0.4024,Moyenne,1334
56026,Bubry,56,Bretagne,53,6,1,16.67,0,0,1,3,1,0,1,109.8,374.0,1971.3,2,3,2242.0,28076.0,14.8,17.1,25996.0,18471.0,2100.0,0.45,0.02,0.01,8.08,0.2176,Faible,3095
56029,Calan,56,Bretagne,53,5,1,20.0,0,2,0,1,1,0,1,83.1,224.8,1986.0,3,2,1277.0,21401.0,24.2,22.1,1743.0,1361.0,252.0,0.78,0.29,0.07,14.46,0.3116,Faible,2014
56032,Campénéac,56,Bretagne,53,5,1,20.0,0,0,1,0,3,1,0,67.8,424.4,1985.2,3,2,1991.0,22812.0,22.3,20.1,2596.0,1755.0,176.0,0.5,0.19,0.06,6.78,0.2944,Faible,2156
56041,Cléguérec,56,Bretagne,53,5,1,20.0,0,1,1,2,0,1,0,74.8,305.2,1987.8,1,4,2885.0,24808.0,14.3,16.5,364.0,251.0,41.0,0.35,1.37,0.4,11.26,0.2702,Faible,2407
56043,Concoret,56,Bretagne,53,5,1,20.0,0,0,0,3,1,0,1,57.1,383.2,1972.4,2,3,758.0,16400.0,26.7,31.7,2724.0,2009.0,289.0,1.32,0.18,0.05,10.61,0.3724,Moyenne,1589
56045,Le Cours,56,Bretagne,53,5,1,20.0,0,0,3,1,0,0,1,67.1,310.6,1986.2,5,0,697.0,19283.0,23.8,26.2,3279.0,2256.0,200.0,1.43,0.15,0.04,6.1,0.3377,Moyenne,1824
56048,Le Croisty,56,Bretagne,53,6,3,50.0,0,0,0,1,2,1,2,56.4,374.7,1962.3,3,3,739.0,22478.0,19.5,18.5,4396.0,3472.0,340.0,4.06,0.14,0.09,7.73,0.4216,Moyenne,1176
56049,,,Bretagne,53,6,3,50.0,1,0,0,1,1,2,1,54.3,433.8,1970.5,4,2,,,,,5674.0,4376.0,549.0,,0.11,0.07,9.68,,,3613
56050,La Croix-Helléan,56,Bretagne,53,6,2,33.33,1,0,1,0,2,2,0,88.3,399.0,1970.7,4,2,892.0,18733.0,24.6,23.4,19768.0,13718.0,1229.0,2.24,0.03,0.01,6.22,0.3984,Moyenne,1367
56053,Elven,56,Bretagne,53,5,2,40.0,0,1,1,1,0,2,0,71.9,302.0,1979.8,2,3,6651.0,25214.0,16.3,14.5,4034.0,2837.0,217.0,0.3,0.12,0.07,5.38,0.3453,Moyenne,1772
56054,Erdeven,56,Bretagne,53,6,2,33.33,0,0,1,2,1,1,1,67.1,330.3,1967.5,5,1,4008.0,23958.0,16.0,17.1,3956.0,3274.0,362.0,0.5,0.15,0.06,9.15,0.3339,Moyenne,1856
56059,,,Bretagne,53,5,1,20.0,0,1,0,2,1,1,0,67.9,373.6,1973.2,2,2,,,,,537.0,440.0,77.0,,0.93,0.23,14.34,,,3613
56063,Gestel,56,Bretagne,53,6,0,0.0,1,1,1,1,2,0,0,62.5,314.3,1987.8,4,2,2601.0,22672.0,21.1,22.2,779.0,603.0,68.0,0.0,0.77,0.0,8.73,0.2157,Faible,3110
56064,,,Bretagne,53,7,3,42.86,1,0,0,0,3,1,2,74.3,507.9,1970.4,3,4,,,,,1354.0,1068.0,83.0,,0.52,0.28,6.13,,,3613
56065,Gourhel,56,Bretagne,53,8,3,37.5,0,1,0,2,2,3,0,80.1,365.4,1965.0,3,4,711.0,19211.0,23.9,23.3,2807.0,1946.0,228.0,4.22,0.29,0.15,8.12,0.4111,Moyenne,1258
56066,Gourin,56,Bretagne,53,8,2,25.0,0,1,1,2,2,1,1,62.6,324.8,1974.6,7,1,3960.0,23260.0,17.2,16.5,8969.0,7480.0,1312.0,0.51,0.09,0.03,14.63,0.309,Faible,2036
56072,Gueltas,56,Bretagne,53,5,3,60.0,0,1,1,0,0,1,2,84.4,397.0,1969.6,4,1,551.0,18812.0,24.0,27.8,806.0,589.0,73.0,5.44,0.62,0.51,9.06,0.5069,Moyenne,590
56075,Guer,56,Bretagne,53,5,2,40.0,0,1,0,0,2,1,1,60.2,486.2,1972.8,0,5,6208.0,22468.0,19.4,21.2,15343.0,12222.0,1159.0,0.32,0.03,0.02,7.55,0.3784,Moyenne,1533
56081,Guiscriff,56,Bretagne,53,7,3,42.86,0,0,0,2,2,1,2,67.5,377.7,1953.3,3,4,2037.0,20499.0,23.1,22.9,576.0,458.0,40.0,1.47,1.22,0.66,6.94,0.4146,Moyenne,1225
56084,Le Hézo,56,Bretagne,53,8,3,37.5,0,1,1,1,2,2,1,88.2,393.4,1976.1,4,4,930.0,26260.0,16.3,19.2,152.0,120.0,8.0,3.23,5.26,2.5,5.26,0.3253,Faible,1931
56087,Île-aux-Moines,56,Bretagne,53,5,2,40.0,0,0,1,1,1,2,0,54.6,438.2,1957.2,3,2,630.0,18847.0,26.4,25.7,136.0,105.0,10.0,3.17,3.68,1.9,7.35,0.4245,Moyenne,1155
56089,Inguiniel,56,Bretagne,53,5,2,40.0,0,0,1,1,1,1,1,81.2,485.6,1970.2,2,3,2188.0,20853.0,22.5,23.7,62.0,42.0,6.0,0.91,8.06,4.76,9.68,0.3984,Moyenne,1367
56094,Kervignac,56,Bretagne,53,6,2,33.33,0,0,2,2,0,1,1,60.5,366.5,1977.8,4,2,7204.0,21981.0,20.0,23.8,1197.0,882.0,153.0,0.28,0.5,0.23,12.78,0.3576,Moyenne,1680
56096,Landaul,56,Bretagne,53,6,3,50.0,0,1,1,1,0,1,2,66.6,368.5,1965.2,2,3,2516.0,16297.0,30.0,25.9,876.0,713.0,88.0,1.19,0.68,0.42,10.05,0.4935,Moyenne,659
56099,Langoëlan,56,Bretagne,53,6,2,33.33,0,0,1,2,1,2,0,70.6,350.7,1962.5,3,3,403.0,19420.0,21.2,19.7,525.0,425.0,78.0,4.96,1.14,0.47,14.86,0.3925,Moyenne,1408
56103,Lantillac,56,Bretagne,53,6,2,33.33,0,0,0,3,1,1,1,65.7,372.5,1961.2,3,2,296.0,18116.0,27.2,28.1,,,,6.76,,,,0.4098,Moyenne,1269
56109,Lauzach,56,Bretagne,53,6,1,16.67,0,0,1,3,1,1,0,70.4,400.0,1974.2,5,1,1264.0,18764.0,24.6,27.5,,,,0.79,,,,0.3301,Moyenne,1896
56111,Limerzel,56,Bretagne,53,6,3,50.0,0,1,1,0,1,3,0,86.0,380.5,1976.7,3,3,1370.0,14815.0,28.0,33.1,,,,2.19,,,,0.5122,Moyenne,571
56112,Lizio,56,Bretagne,53,7,3,42.86,1,0,0,0,3,1,2,65.4,410.4,1967.0,4,3,840.0,12720.0,30.4,32.0,,,,3.57,,,,0.5101,Moyenne,582
56122,Loyat,56,Bretagne,53,5,0,0.0,0,1,2,2,0,0,0,59.7,213.0,1984.8,2,3,1750.0,17195.0,24.4,21.6,,,,0.0,,,,0.2816,Faible,2289
56123,Malansac,56,Bretagne,53,5,1,20.0,0,2,0,1,1,0,1,91.2,267.8,1982.8,2,1,2339.0,20838.0,23.9,21.3,,,,0.43,,,,0.3181,Faible,1974
56128,Melrand,56,Bretagne,53,5,1,20.0,0,0,2,2,0,0,1,54.4,278.0,1979.8,3,2,1598.0,25206.0,17.9,15.6,,,,0.63,,,,0.2657,Faible,2470
56129,Ménéac,56,Bretagne,53,7,1,14.29,0,1,2,0,3,1,0,75.6,416.0,1986.9,4,2,1476.0,17792.0,26.8,23.2,,,,0.68,,,,0.3322,Moyenne,1879
56132,Meucon,56,Bretagne,53,6,2,33.33,0,1,1,1,1,1,1,65.3,327.8,1975.7,3,3,2280.0,20247.0,23.7,27.2,,,,0.88,,,,0.379,Moyenne,1528
56141,Moustoir-Ac,56,Bretagne,53,5,1,20.0,0,1,2,0,1,1,0,81.2,344.8,1992.2,1,4,1775.0,18536.0,24.8,20.7,,,,0.56,,,,0.346,Moyenne,1760
56159,Pleucadeuc,56,Bretagne,53,5,2,40.0,0,0,0,2,1,1,1,67.3,342.6,1973.0,4,1,1866.0,21860.0,23.6,21.2,,,,1.07,,,,0.3864,Moyenne,1466
56164,Ploeren,56,Bretagne,53,6,3,50.0,1,0,0,1,1,3,0,82.6,454.7,1958.0,3,3,6790.0,23637.0,19.9,23.7,,,,0.44,,,,0.4044,Moyenne,1318
56168,Plouharnel,56,Bretagne,53,8,2,25.0,0,0,0,4,2,2,0,71.8,368.2,1971.8,3,5,2285.0,20689.0,26.9,28.8,,,,0.88,,,,0.3403,Moyenne,1808
56172,Plumelec,56,Bretagne,53,5,1,20.0,0,0,1,2,1,0,1,86.4,350.0,1980.6,3,1,2754.0,21551.0,22.7,26.1,,,,0.36,,,,0.3095,Faible,2028
56174,Plumelin,56,Bretagne,53,5,2,40.0,0,0,1,1,1,1,1,111.0,383.8,1966.6,3,1,2885.0,21302.0,23.0,18.4,,,,0.69,,,,0.3928,Moyenne,1405
56181,Port-Louis,56,Bretagne,53,6,2,33.33,0,1,0,2,1,1,1,48.3,355.8,1975.0,4,2,2608.0,22047.0,21.9,19.9,,,,0.77,,,,0.3572,Moyenne,1682
56191,Réminiac,56,Bretagne,53,5,1,20.0,0,0,2,0,2,1,0,65.5,416.6,1985.2,2,3,438.0,21504.0,20.7,21.7,,,,2.28,,,,0.3117,Faible,2013
56193,Riantec,56,Bretagne,53,5,2,40.0,0,0,0,2,1,1,1,83.5,425.2,1980.8,1,4,5865.0,20540.0,24.0,23.4,,,,0.34,,,,0.4017,Moyenne,1338
56199,Roudouallec,56,Bretagne,53,6,4,66.67,0,0,0,2,0,2,2,56.1,447.0,1960.7,3,3,722.0,19638.0,21.5,20.5,,,,5.54,,,,0.5237,Moyenne,526
56204,Saint-Allouestre,56,Bretagne,53,5,0,0.0,1,0,1,1,2,0,0,90.7,352.0,1980.4,2,3,675.0,21042.0,25.5,25.6,,,,0.0,,,,0.2353,Faible,2903
56205,Saint-Armel,56,Bretagne,53,7,4,57.14,0,0,0,1,2,4,0,60.1,462.7,1961.1,4,2,903.0,21586.0,20.9,19.0,,,,4.43,,,,0.4612,Moyenne,878
56209,Sainte-Brigitte,56,Bretagne,53,5,3,60.0,0,0,1,1,0,2,1,85.6,453.0,1965.2,2,3,178.0,17490.0,28.5,28.9,,,,16.85,,,,0.5328,Moyenne,492
56210,Saint-Caradec-Trégomel,56,Bretagne,53,6,1,16.67,0,1,1,2,1,1,0,76.6,349.8,1990.0,6,0,467.0,24062.0,16.8,14.4,,,,2.14,,,,0.2675,Faible,2448
56221,Saint-Jacut-les-Pins,56,Bretagne,53,5,0,0.0,0,1,0,2,2,0,0,91.2,288.4,1994.6,1,4,1745.0,18697.0,23.3,19.6,,,,0.0,,,,0.2636,Faible,2496
56224,Saint-Laurent-sur-Oust,56,Bretagne,53,6,0,0.0,0,1,0,3,2,0,0,65.7,320.3,1984.7,4,2,396.0,20481.0,23.5,23.6,,,,0.0,,,,0.2421,Faible,2798
56235,,,Bretagne,53,5,0,0.0,0,0,2,2,1,0,0,90.5,287.6,1986.2,3,2,,,,,,,,,,,,,,3613
56243,Séné,56,Bretagne,53,6,2,33.33,0,0,0,1,3,1,1,71.7,461.5,1971.7,1,4,9554.0,23123.0,19.8,16.4,,,,0.21,,,,0.3437,Moyenne,1785
56244,Sérent,56,Bretagne,53,8,4,50.0,0,2,0,2,0,3,1,60.2,334.1,1961.4,5,3,3429.0,22187.0,21.5,25.2,,,,1.17,,,,0.4225,Moyenne,1167
56246,Le Sourn,56,Bretagne,53,5,0,0.0,0,0,1,2,2,0,0,84.7,307.6,1981.6,3,2,2121.0,20641.0,21.0,20.5,,,,0.0,,,,0.2401,Faible,2828
56248,Surzur,56,Bretagne,53,5,0,0.0,0,0,0,1,4,0,0,62.5,449.6,1980.8,4,1,5211.0,22040.0,22.8,26.2,,,,0.0,,,,0.2233,Faible,3041
56250,Théhillac,56,Bretagne,53,5,2,40.0,0,0,1,1,1,2,0,130.5,309.6,1981.0,2,3,611.0,18033.0,22.7,18.7,,,,3.27,,,,0.4344,Moyenne,1071
56253,Tréal,56,Bretagne,53,6,0,0.0,2,0,1,2,1,0,0,54.6,225.0,1986.3,2,4,699.0,19460.0,22.2,19.1,,,,0.0,,,,0.2543,Faible,2635
56262,Le Bono,56,Bretagne,53,5,1,20.0,0,0,2,1,1,1,0,76.1,349.0,1993.8,1,3,2608.0,24727.0,14.1,16.6,,,,0.38,,,,0.2712,Faible,2394
56263,Sainte-Anne-d'Auray,56,Bretagne,53,6,2,33.33,1,0,1,1,1,1,1,73.7,317.0,1970.7,2,3,2889.0,23301.0,20.6,17.4,,,,0.69,,,,0.342,Moyenne,1799
56273,,,Bretagne,53,5,2,40.0,0,0,2,0,1,2,0,60.8,520.4,1976.4,3,2,,,,,,,,,,,,,,3613
56280,,,Bretagne,53,5,1,20.0,1,0,1,2,0,0,1,77.8,290.6,1987.8,1,4,,,,,,,,,,,,,,3613
56281,,,Bretagne,53,5,2,40.0,0,0,0,1,2,1,1,96.9,451.0,1971.0,2,3,,,,,,,,,,,,,,3613
56291,,,Bretagne,53,5,1,20.0,0,0,2,0,2,1,0,52.7,441.8,1980.0,3,2,,,,,,,,,,,,,,3613
56294,,,Bretagne,53,6,1,16.67,0,0,0,3,2,1,0,78.9,430.7,1975.8,2,4,,,,,,,,,,,,,,3613
56295,,,Bretagne,53,6,2,33.33,0,0,0,2,2,2,0,62.7,431.8,1969.7,4,2,,,,,,,,,,,,,,3613
56301,,,Bretagne,53,5,1,20.0,0,0,0,2,2,0,1,88.4,457.6,1979.2,4,1,,,,,,,,,,,,,,3613
56307,,,Bretagne,53,7,1,14.29,0,1,0,3,2,1,0,100.6,383.0,1974.1,5,2,,,,,,,,,,,,,,3613
56312,,,Bretagne,53,5,3,60.0,0,0,0,2,0,3,0,83.3,504.8,1968.0,5,0,,,,,,,,,,,,,,3613
56318,,,Bretagne,53,5,3,60.0,0,0,1,0,1,3,0,94.5,474.0,1964.8,5,0,,,,,,,,,,,,,,3613
56321,,,Bretagne,53,5,4,80.0,0,0,1,0,0,2,2,98.1,386.6,1954.2,3,2,,,,,,,,,,,,,,3613
56328,,,Bretagne,53,6,3,50.0,0,0,0,1,2,1,2,82.6,503.0,1967.7,3,3,,,,,,,,,,,,,,3613
56333,,,Bretagne,53,6,1,16.67,0,0,2,2,1,0,1,72.4,289.5,1976.8,2,3,,,,,,,,,,,,,,3613
56336,,,Bretagne,53,5,2,40.0,0,0,1,1,1,1,1,55.8,411.6,1969.6,3,2,,,,,,,,,,,,,,3613
56341,,,Bretagne,53,5,4,80.0,0,0,0,1,0,2,2,97.7,439.2,1952.6,1,4,,,,,,,,,,,,,,3613
56343,,,Bretagne,53,5,0,0.0,0,0,0,3,2,0,0,74.2,274.2,1981.6,3,2,,,,,,,,,,,,,,3613
56347,,,Bretagne,53,5,2,40.0,0,0,2,1,0,1,1,85.8,320.2,1976.2,2,3,,,,,,,,,,,,,,3613
56354,,,Bretagne,53,7,2,28.57,0,0,1,0,4,2,0,71.5,480.7,1969.1,2,5,,,,,,,,,,,,,,3613
56357,,,Bretagne,53,8,4,50.0,1,0,1,0,2,2,2,117.5,451.2,1976.0,4,4,,,,,,,,,,,,,,3613
56360,,,Bretagne,53,6,2,33.33,0,1,0,2,1,1,1,69.0,316.2,1968.5,5,1,,,,,,,,,,,,,,3613
56368,,,Bretagne,53,5,1,20.0,1,1,0,0,2,0,1,103.3,307.4,1981.8,4,1,,,,,,,,,,,,,,3613
56370,,,Bretagne,53,5,1,20.0,0,1,2,1,0,1,0,79.8,254.0,1980.4,2,3,,,,,,,,,,,,,,3613
56373,,,Bretagne,53,7,4,57.14,0,0,0,3,0,4,0,66.8,446.3,1966.6,2,5,,,,,,,,,,,,,,3613
56376,,,Bretagne,53,5,2,40.0,0,2,0,0,1,2,0,60.8,362.8,1986.0,3,2,,,,,,,,,,,,,,3613
56386,,,Bretagne,53,5,2,40.0,0,1,0,0,2,1,1,61.3,507.8,1978.6,2,2,,,,,,,,,,,,,,3613
56387,,,Bretagne,53,5,2,40.0,0,0,0,2,1,2,0,67.6,403.4,1965.6,2,3,,,,,,,,,,,,,,3613
56390,,,Bretagne,53,5,1,20.0,0,0,2,1,1,0,1,54.9,345.0,1991.8,2,3,,,,,,,,,,,,,,3613
56392,,,Bretagne,53,6,0,0.0,0,2,0,2,2,0,0,98.8,283.0,1985.7,4,2,,,,,,,,,,,,,,3613
56399,,,Bretagne,53,5,1,20.0,0,0,2,2,0,0,1,54.2,364.6,1981.0,2,3,,,,,,,,,,,,,,3613
59001,Abancourt,59,Hauts-de-France,32,5,2,40.0,0,1,0,2,0,0,2,119.3,261.8,1973.2,4,1,441.0,13526.0,33.0,29.8,3399.0,2400.0,494.0,4.54,0.15,0.08,14.53,0.4898,Moyenne,692
59003,Aibes,59,Hauts-de-France,32,7,3,42.86,0,0,3,1,0,2,1,67.8,429.7,1976.4,5,2,350.0,14842.0,33.7,32.4,4477.0,3169.0,373.0,8.57,0.16,0.09,8.33,0.4889,Moyenne,696
59010,Anneux,59,Hauts-de-France,32,5,3,60.0,1,0,0,0,1,2,1,87.5,359.0,1956.6,2,1,258.0,12878.0,28.9,30.5,621.0,404.0,59.0,11.63,0.81,0.74,9.5,0.5838,Moyenne,374
59031,Audignies,59,Hauts-de-France,32,5,1,20.0,0,0,0,2,2,1,0,71.9,409.2,1972.2,2,3,359.0,23944.0,22.0,19.0,4779.0,3642.0,294.0,2.79,0.1,0.03,6.15,0.2828,Faible,2273
59032,Aulnoy-lez-Valenciennes,59,Hauts-de-France,32,5,1,20.0,0,0,2,1,1,0,1,67.1,343.0,1984.2,2,3,7080.0,21385.0,24.5,28.0,1074.0,800.0,96.0,0.14,0.47,0.12,8.94,0.3113,Faible,2016
59037,Avesnes-les-Aubert,59,Hauts-de-France,32,6,3,50.0,0,2,0,1,0,1,2,80.9,393.3,1981.2,2,3,3562.0,16555.0,28.6,30.4,1089.0,774.0,156.0,0.84,0.55,0.39,14.33,0.4901,Moyenne,688
59046,Bambecque,59,Hauts-de-France,32,6,2,33.33,0,0,0,2,2,0,2,65.9,402.8,1965.5,1,4,845.0,15824.0,30.5,30.7,470.0,353.0,38.0,2.37,1.28,0.57,8.09,0.4336,Moyenne,1075
59052,Bauvin,59,Hauts-de-France,32,6,2,33.33,0,0,0,1,3,2,0,43.7,486.5,1970.2,5,1,5249.0,18022.0,25.4,29.4,3453.0,2425.0,442.0,0.38,0.17,0.08,12.8,0.4053,Moyenne,1305
59053,Bavay,59,Hauts-de-France,32,6,1,16.67,0,0,0,2,3,0,1,68.9,429.5,1975.7,4,2,3249.0,22245.0,19.0,21.6,1047.0,821.0,144.0,0.31,0.57,0.12,13.75,0.2878,Faible,2222
59060,Beaurain,59,Hauts-de-France,32,6,1,16.67,0,0,1,1,3,0,1,54.0,409.8,1986.8,5,1,234.0,17763.0,27.5,24.1,359.0,276.0,49.0,4.27,1.67,0.36,13.65,0.3452,Moyenne,1773
59069,Bermerain,59,Hauts-de-France,32,5,2,40.0,0,0,0,1,2,2,0,51.6,611.8,1969.0,4,0,778.0,15951.0,31.3,25.7,83.0,61.0,8.0,2.57,6.02,3.28,9.64,0.4589,Moyenne,893
59083,Bissezeele,59,Hauts-de-France,32,5,1,20.0,1,1,1,0,1,0,1,77.0,346.0,1999.0,3,2,239.0,20999.0,21.6,25.7,493.0,416.0,28.0,4.18,1.01,0.24,5.68,0.3195,Faible,1961
59085,Blécourt,59,Hauts-de-France,32,6,2,33.33,1,0,0,0,3,2,0,63.2,386.3,1969.7,3,2,313.0,15576.0,28.2,28.7,615.0,479.0,48.0,6.39,0.98,0.42,7.8,0.4401,Moyenne,1030
59089,Bollezeele,59,Hauts-de-France,32,5,2,40.0,0,0,1,0,2,1,1,99.1,439.2,1964.2,2,3,1445.0,22569.0,22.4,19.1,7707.0,6065.0,577.0,1.38,0.06,0.03,7.49,0.3781,Moyenne,1535
59090,Bondues,59,Hauts-de-France,32,5,4,80.0,1,0,0,0,0,4,0,70.7,407.4,1966.4,3,2,9747.0,13983.0,30.1,26.0,67.0,51.0,6.0,0.41,7.46,7.84,8.96,0.6407,Moyenne,235
59091,Borre,59,Hauts-de-France,32,5,2,40.0,0,0,0,1,2,0,2,77.6,505.4,1959.2,1,4,553.0,21699.0,19.9,16.0,19511.0,14873.0,2593.0,3.62,0.03,0.01,13.29,0.3906,Moyenne,1429
59095,,,Hauts-de-France,32,6,3,50.0,0,0,0,1,2,1,2,61.1,431.5,1965.2,2,4,,,,,1604.0,1235.0,151.0,,0.37,0.24,9.41,,,3613
59115,Brunémont,59,Hauts-de-France,32,5,1,20.0,0,1,1,1,1,1,0,86.5,340.8,1975.0,2,2,704.0,20920.0,26.3,28.2,,,,1.42,,,,0.318,Faible,1975
59126,Cantin,59,Hauts-de-France,32,5,0,0.0,1,0,0,1,3,0,0,67.9,409.4,1980.2,1,4,1741.0,15343.0,30.0,27.4,,,,0.0,,,,0.3039,Faible,2076
59127,Capelle,59,Hauts-de-France,32,5,2,40.0,0,0,0,2,1,0,2,54.0,371.8,1960.4,1,3,135.0,18618.0,24.9,26.5,,,,14.81,,,,0.4374,Moyenne,1052
59142,Cerfontaine,59,Hauts-de-France,32,5,3,60.0,0,0,0,1,1,1,2,76.5,515.2,1970.4,1,4,646.0,12750.0,31.0,35.6,,,,4.64,,,,0.5792,Moyenne,390
59143,La Chapelle-d'Armentières,59,Hauts-de-France,32,6,1,16.67,0,1,2,2,0,1,0,97.6,266.2,1986.5,1,5,8754.0,18233.0,29.4,23.9,,,,0.11,,,,0.3359,Moyenne,1843
59146,Chéreng,59,Hauts-de-France,32,7,5,71.43,0,0,0,0,2,3,2,71.7,544.9,1950.0,3,4,3078.0,20093.0,22.9,18.8,,,,1.62,,,,0.5339,Moyenne,488
59152,Comines,59,Hauts-de-France,32,5,1,20.0,0,0,0,2,2,0,1,52.2,455.6,1965.6,0,5,12731.0,23412.0,20.2,18.9,,,,0.08,,,,0.2868,Faible,2229
59181,Dourlers,59,Hauts-de-France,32,7,1,14.29,1,0,2,1,2,0,1,106.0,273.0,1981.7,3,3,536.0,18799.0,26.4,28.6,,,,1.87,,,,0.3211,Faible,1952
59184,Ebblinghem,59,Hauts-de-France,32,6,1,16.67,0,1,2,0,2,1,0,73.9,335.2,1981.5,0,5,660.0,17362.0,26.6,26.3,,,,1.52,,,,0.3476,Moyenne,1752
59187,Éclaibes,59,Hauts-de-France,32,6,1,16.67,0,0,3,1,1,1,0,89.7,333.2,1985.0,4,2,269.0,20641.0,23.9,22.7,,,,3.72,,,,0.3101,Faible,2024
59199,Erchin,59,Hauts-de-France,32,6,2,33.33,0,0,1,2,1,1,1,81.8,337.0,1981.3,1,4,670.0,12423.0,35.4,37.7,,,,2.99,,,,0.4751,Moyenne,779
59202,Erquinghem-Lys,59,Hauts-de-France,32,6,1,16.67,0,1,0,2,2,1,0,70.5,370.7,1985.7,1,3,5341.0,16176.0,28.3,30.7,,,,0.19,,,,0.3608,Moyenne,1665
59212,Estaires,59,Hauts-de-France,32,6,3,50.0,0,1,1,1,0,1,2,75.4,417.0,1964.5,5,1,6525.0,13972.0,32.4,29.3,,,,0.46,,,,0.5209,Moyenne,538
59238,Flines-lès-Mortagne,59,Hauts-de-France,32,5,3,60.0,0,0,0,0,2,3,0,73.1,456.6,1957.8,1,4,1685.0,18883.0,23.9,24.7,,,,1.78,,,,0.5029,Moyenne,617
59266,Gondecourt,59,Hauts-de-France,32,5,1,20.0,1,1,0,0,2,0,1,53.0,335.2,1978.0,2,3,4148.0,17379.0,22.3,20.7,,,,0.24,,,,0.3596,Moyenne,1672
59276,Guesnain,59,Hauts-de-France,32,5,1,20.0,0,0,1,3,0,1,0,75.7,300.6,1983.0,3,1,4635.0,18153.0,27.3,24.7,,,,0.22,,,,0.3503,Moyenne,1728
59297,Hélesmes,59,Hauts-de-France,32,5,1,20.0,0,1,2,1,0,1,0,55.9,247.6,1986.6,3,2,1907.0,19928.0,26.2,28.5,,,,0.52,,,,0.3292,Faible,1904
59298,,,Hauts-de-France,32,6,2,33.33,0,0,1,2,1,2,0,62.1,376.3,1972.2,3,3,,,,,,,,,,,,,,3613
59313,Hordain,59,Hauts-de-France,32,5,1,20.0,0,1,1,1,1,1,0,100.0,380.2,1980.6,2,2,1446.0,19259.0,24.5,23.3,,,,0.69,,,,0.3374,Moyenne,1827
59316,Houplin-Ancoisne,59,Hauts-de-France,32,6,1,16.67,0,1,2,0,2,0,1,62.0,326.3,1986.7,3,3,3326.0,20125.0,25.4,21.9,,,,0.3,,,,0.3133,Faible,2003
59332,Lannoy,59,Hauts-de-France,32,5,3,60.0,0,0,2,0,0,2,1,81.1,436.4,1977.2,1,4,1812.0,17086.0,25.1,25.5,,,,1.66,,,,0.5244,Moyenne,521
59340,Leffrinckoucke,59,Hauts-de-France,32,6,2,33.33,1,0,0,1,2,2,0,69.9,440.2,1985.0,1,5,4078.0,22031.0,22.0,21.6,,,,0.49,,,,0.3571,Moyenne,1683
59352,Linselles,59,Hauts-de-France,32,6,1,16.67,0,0,0,2,3,0,1,82.0,431.3,1972.0,2,4,8161.0,21033.0,21.1,22.0,,,,0.12,,,,0.3022,Faible,2089
59364,Louvil,59,Hauts-de-France,32,5,1,20.0,0,0,0,2,2,1,0,69.5,407.8,1974.4,3,1,922.0,16495.0,29.1,24.5,,,,1.08,,,,0.371,Moyenne,1595
59366,Lynde,59,Hauts-de-France,32,6,1,16.67,0,0,0,2,3,1,0,55.2,388.0,1972.0,3,3,783.0,17370.0,27.8,26.8,,,,1.28,,,,0.3474,Moyenne,1754
59372,Malincourt,59,Hauts-de-France,32,5,3,60.0,0,0,0,1,1,2,1,66.8,395.0,1956.0,2,3,498.0,15315.0,31.6,31.5,,,,6.02,,,,0.5496,Moyenne,446
59374,Marbaix,59,Hauts-de-France,32,8,6,75.0,0,0,1,1,0,5,1,76.4,452.0,1964.2,3,2,461.0,18541.0,22.9,26.8,,,,13.02,,,,0.5768,Moyenne,394
60002,Abbecourt,60,Hauts-de-France,32,5,2,40.0,0,0,0,2,1,1,1,119.6,404.6,1968.4,2,3,879.0,22231.0,24.7,23.7,8986.0,6091.0,1306.0,2.28,0.06,0.03,14.53,0.383,Moyenne,1500
60011,Amy,60,Hauts-de-France,32,5,1,20.0,0,0,0,2,2,1,0,64.2,343.0,1978.6,1,3,419.0,19903.0,24.9,24.2,26157.0,19192.0,3072.0,2.39,0.02,0.01,11.74,0.3311,Moyenne,1887
60014,Angivillers,60,Hauts-de-France,32,5,1,20.0,1,0,0,1,2,0,1,89.8,283.8,1979.0,2,2,155.0,18287.0,26.0,22.3,2528.0,1840.0,309.0,6.45,0.2,0.05,12.22,0.3541,Moyenne,1714
60018,,,Hauts-de-France,32,5,4,80.0,0,0,0,0,1,2,2,112.8,483.8,1958.4,4,1,,,,,658.0,532.0,42.0,,0.76,0.75,6.38,,,3613
60029,Auneuil,60,Hauts-de-France,32,5,1,20.0,0,0,3,0,1,1,0,53.3,318.6,1988.4,1,2,2898.0,18010.0,26.6,23.0,603.0,399.0,46.0,0.35,0.83,0.25,7.63,0.3521,Moyenne,1722
60050,Bazicourt,60,Hauts-de-France,32,5,1,20.0,0,0,0,1,3,0,1,60.4,448.0,1976.0,2,3,388.0,13918.0,29.5,27.6,706.0,557.0,83.0,2.58,0.71,0.18,11.76,0.4034,Moyenne,1328
60056,Beaurepaire,60,Hauts-de-France,32,5,3,60.0,0,0,1,1,0,1,2,83.5,412.4,1970.0,0,5,63.0,20080.0,20.7,16.8,598.0,425.0,65.0,47.62,0.84,0.71,10.87,0.5286,Moyenne,509
60058,Beauvoir,60,Hauts-de-France,32,6,2,33.33,0,0,0,3,1,2,0,65.8,339.0,1968.5,3,3,239.0,21068.0,19.7,20.5,1316.0,935.0,135.0,8.37,0.46,0.21,10.26,0.3756,Moyenne,1559
60061,Belloy,60,Hauts-de-France,32,5,3,60.0,0,0,0,1,1,0,3,74.3,533.8,1961.4,4,1,68.0,19682.0,22.8,25.2,154.0,121.0,13.0,44.12,3.25,2.48,8.44,0.5303,Moyenne,505
60081,Bonlier,60,Hauts-de-France,32,5,2,40.0,1,0,0,0,2,2,0,101.4,451.2,1968.8,3,2,467.0,23087.0,26.8,23.7,26590.0,19346.0,1715.0,4.28,0.02,0.01,6.45,0.3744,Moyenne,1569
60087,Borest,60,Hauts-de-France,32,6,1,16.67,0,0,2,1,2,1,0,55.3,328.5,1977.5,2,4,367.0,21002.0,23.8,22.1,1717.0,1261.0,207.0,2.72,0.35,0.08,12.06,0.3048,Faible,2068
60093,Boulogne-la-Grasse,60,Hauts-de-France,32,7,2,28.57,1,1,1,2,0,2,0,80.4,299.9,1977.7,6,1,472.0,24278.0,16.7,16.2,65.0,42.0,5.0,4.24,10.77,4.76,7.69,0.3143,Faible,1996
60094,Boursonne,60,Hauts-de-France,32,5,0,0.0,0,2,1,1,1,0,0,63.2,271.4,1985.0,2,3,303.0,19005.0,24.4,20.9,25.0,20.0,1.0,0.0,20.0,0.0,4.0,0.2598,Faible,2556
60096,,,Hauts-de-France,32,7,3,42.86,0,0,1,1,2,3,0,59.0,478.9,1970.4,5,1,,,,,649.0,493.0,43.0,,1.08,0.61,6.63,,,3613
60098,Bouvresse,60,Hauts-de-France,32,6,2,33.33,0,0,0,2,2,2,0,81.7,416.5,1971.0,5,0,170.0,17048.0,26.8,29.4,396.0,267.0,52.0,11.76,1.52,0.75,13.13,0.427,Moyenne,1132
60116,Bury,60,Hauts-de-France,32,5,1,20.0,0,0,0,3,1,1,0,71.5,374.2,1974.6,1,4,2838.0,21753.0,20.1,19.0,,,,0.35,,,,0.307,Faible,2053
60118,Caisnes,60,Hauts-de-France,32,6,1,16.67,0,0,0,2,3,1,0,96.7,433.5,1981.5,1,5,518.0,18949.0,23.4,22.6,,,,1.93,,,,0.3289,Faible,1908
60122,Campeaux,60,Hauts-de-France,32,5,2,40.0,0,0,1,2,0,1,1,69.9,411.8,1976.8,3,2,483.0,14810.0,32.0,26.7,,,,4.14,,,,0.474,Moyenne,787
60134,Cauffry,60,Hauts-de-France,32,5,2,40.0,0,0,0,3,0,1,1,94.8,288.2,1973.6,3,2,2649.0,18736.0,23.7,25.0,,,,0.76,,,,0.4238,Moyenne,1161
60143,Chaumont-en-Vexin,60,Hauts-de-France,32,5,1,20.0,0,1,1,1,1,1,0,84.2,333.2,1981.2,1,4,3338.0,26639.0,14.7,11.9,,,,0.3,,,,0.2482,Faible,2718
60146,Chepoix,60,Hauts-de-France,32,5,2,40.0,0,0,0,2,1,1,1,97.4,453.6,1978.6,4,1,442.0,17663.0,28.1,25.6,,,,4.52,,,,0.44,Moyenne,1031
60163,Cormeilles,60,Hauts-de-France,32,6,3,50.0,0,0,1,2,0,1,2,58.4,379.0,1967.2,4,2,392.0,20389.0,20.8,21.4,,,,7.65,,,,0.4499,Moyenne,947
60180,Crillon,60,Hauts-de-France,32,6,2,33.33,0,1,0,2,1,1,1,47.8,375.0,1968.7,4,2,488.0,18247.0,29.9,25.5,,,,4.1,,,,0.4059,Moyenne,1302
60186,Cuignières,60,Hauts-de-France,32,5,3,60.0,0,0,0,1,1,1,2,99.0,460.0,1965.8,3,1,274.0,26762.0,18.6,20.5,,,,10.95,,,,0.416,Moyenne,1214
60193,Daméraucourt,60,Hauts-de-France,32,6,1,16.67,0,1,0,3,1,1,0,74.5,290.2,1978.8,5,1,198.0,24156.0,19.8,22.1,,,,5.05,,,,0.2689,Faible,2427
60204,Écuvilly,60,Hauts-de-France,32,5,2,40.0,0,0,2,1,0,2,0,94.8,332.0,1976.2,2,2,297.0,18599.0,25.9,23.6,,,,6.73,,,,0.4306,Moyenne,1103
60214,Ernemont-Boutavent,60,Hauts-de-France,32,5,2,40.0,0,0,1,2,0,1,1,117.9,404.8,1961.8,4,1,172.0,21763.0,19.2,17.8,,,,11.63,,,,0.3968,Moyenne,1381
60230,Le Fay-Saint-Quentin,60,Hauts-de-France,32,5,2,40.0,0,0,1,1,1,1,1,95.9,417.0,1967.2,1,4,531.0,25112.0,19.1,19.7,,,,3.77,,,,0.3496,Moyenne,1740
60238,Fleurines,60,Hauts-de-France,32,5,2,40.0,0,0,0,0,3,1,1,61.6,437.6,1968.6,2,2,1910.0,18309.0,27.2,28.6,,,,1.05,,,,0.4292,Moyenne,1115
60239,Fleury,60,Hauts-de-France,32,8,2,25.0,1,1,2,0,2,1,1,72.6,312.5,1983.6,2,4,592.0,20777.0,21.9,25.3,,,,3.38,,,,0.3414,Moyenne,1804
60254,Francières,60,Hauts-de-France,32,6,1,16.67,0,0,2,2,1,1,0,70.9,384.3,1973.5,1,4,543.0,14918.0,26.7,22.2,,,,1.84,,,,0.3774,Moyenne,1542
60260,Fresnoy-la-Rivière,60,Hauts-de-France,32,6,1,16.67,1,0,0,3,1,0,1,97.0,294.5,1974.3,2,4,670.0,24296.0,20.9,24.2,,,,1.49,,,,0.2641,Faible,2487
60272,Gilocourt,60,Hauts-de-France,32,5,3,60.0,0,0,1,1,0,0,3,62.4,402.8,1971.6,4,1,626.0,19132.0,25.3,27.0,,,,4.79,,,,0.5025,Moyenne,619
60286,Grandvilliers,60,Hauts-de-France,32,7,2,28.57,0,0,1,3,1,0,2,82.2,384.6,1967.1,2,5,2786.0,19082.0,24.3,27.4,,,,0.72,,,,0.3738,Moyenne,1571
60305,Hautefontaine,60,Hauts-de-France,32,5,2,40.0,0,0,0,2,1,2,0,52.6,384.0,1969.0,3,2,345.0,19976.0,22.5,22.3,,,,5.8,,,,0.4132,Moyenne,1239
60316,Hodenc-l'Évêque,60,Hauts-de-France,32,6,2,33.33,0,0,0,3,1,1,1,53.6,388.8,1960.3,2,4,238.0,22625.0,23.7,21.6,,,,8.4,,,,0.3569,Moyenne,1685
60324,Jaulzy,60,Hauts-de-France,32,5,2,40.0,0,0,0,0,3,1,1,50.5,520.0,1968.2,0,5,851.0,14382.0,29.2,26.6,,,,2.35,,,,0.4776,Moyenne,763
60326,Jonquières,60,Hauts-de-France,32,5,0,0.0,1,0,1,2,1,0,0,68.9,254.6,1982.6,3,2,588.0,12900.0,34.5,32.2,,,,0.0,,,,0.3334,Moyenne,1864
60327,Jouy-sous-Thelle,60,Hauts-de-France,32,6,2,33.33,0,0,3,1,0,2,0,61.6,274.2,1979.8,0,5,1071.0,19144.0,23.5,25.9,,,,1.87,,,,0.3931,Moyenne,1403
60330,Laboissière-en-Thelle,60,Hauts-de-France,32,5,3,60.0,0,0,1,0,1,1,2,96.7,456.2,1971.8,1,4,1326.0,14959.0,31.1,36.6,,,,2.26,,,,0.5505,Moyenne,443
60349,,,Hauts-de-France,32,7,3,42.86,0,1,0,1,2,1,2,79.3,395.6,1969.3,3,4,,,,,,,,,,,,,,3613
60351,Lataule,60,Hauts-de-France,32,7,2,28.57,0,0,1,4,0,0,2,81.0,339.1,1971.1,2,5,115.0,18497.0,25.1,28.2,,,,17.39,,,,0.3955,Moyenne,1394
60362,Libermont,60,Hauts-de-France,32,6,3,50.0,0,0,0,2,1,2,1,75.1,466.7,1958.2,4,2,181.0,20292.0,22.9,25.5,,,,16.57,,,,0.4588,Moyenne,895
60363,Lierville,60,Hauts-de-France,32,5,3,60.0,0,0,0,1,1,2,1,75.4,445.4,1959.0,1,4,224.0,26964.0,14.9,12.2,,,,13.39,,,,0.4157,Moyenne,1217
60373,Machemont,60,Hauts-de-France,32,5,2,40.0,0,0,2,1,0,2,0,85.8,350.6,1971.8,3,2,830.0,22557.0,23.1,24.0,,,,2.41,,,,0.3792,Moyenne,1527
60398,Le Mesnil-en-Thelle,60,Hauts-de-France,32,6,5,83.33,0,0,0,1,0,1,4,60.3,441.2,1955.0,3,3,2439.0,19410.0,21.4,21.8,,,,2.05,,,,0.5901,Moyenne,362
62016,Airon-Saint-Vaast,62,Hauts-de-France,32,5,1,20.0,0,0,0,2,2,0,1,71.3,464.4,1972.6,0,5,185.0,14269.0,33.0,33.4,843.0,676.0,108.0,5.41,0.59,0.15,12.81,0.4016,Moyenne,1339
62020,Alembon,62,Hauts-de-France,32,5,4,80.0,0,0,0,1,0,1,3,64.7,477.8,1949.2,2,3,624.0,19227.0,24.2,27.9,847.0,690.0,86.0,6.41,0.59,0.58,10.15,0.5828,Moyenne,378
62024,Alquines,62,Hauts-de-France,32,5,2,40.0,0,0,1,1,1,1,1,75.8,408.2,1958.0,0,5,973.0,22870.0,20.3,17.3,1978.0,1413.0,125.0,2.06,0.25,0.14,6.32,0.3751,Moyenne,1563
62025,Ambleteuse,62,Hauts-de-France,32,5,2,40.0,0,0,0,2,1,2,0,75.2,514.0,1974.4,4,0,2033.0,20728.0,22.4,26.9,114.0,89.0,9.0,0.98,4.39,2.25,7.89,0.3999,Moyenne,1353
62037,Anzin-Saint-Aubin,62,Hauts-de-France,32,7,3,42.86,0,0,0,1,3,1,2,87.4,457.3,1965.4,3,4,2833.0,23361.0,20.5,20.8,271.0,205.0,38.0,1.06,2.58,1.46,14.02,0.3797,Moyenne,1521
62042,Athies,62,Hauts-de-France,32,5,1,20.0,0,1,0,0,3,0,1,108.8,386.4,1972.0,3,2,1038.0,12786.0,33.8,38.0,1329.0,973.0,93.0,0.96,0.38,0.1,7.0,0.4156,Moyenne,1218
62046,Aubin-Saint-Vaast,62,Hauts-de-France,32,6,1,16.67,0,2,0,1,2,1,0,88.3,294.2,1978.3,4,2,733.0,18771.0,26.1,21.9,1092.0,857.0,151.0,1.36,0.55,0.12,13.83,0.3306,Moyenne,1890
62058,Aumerval,62,Hauts-de-France,32,5,3,60.0,0,0,0,0,2,2,1,40.8,586.0,1959.4,4,1,189.0,17037.0,25.3,27.0,7205.0,5944.0,814.0,15.87,0.07,0.05,11.3,0.5374,Moyenne,476
62074,Bailleulval,62,Hauts-de-France,32,6,2,33.33,0,1,1,1,1,1,1,65.7,358.5,1978.3,3,3,237.0,19669.0,22.2,22.1,105.0,77.0,8.0,8.44,5.71,2.6,7.62,0.3926,Moyenne,1407
62077,Bajus,62,Hauts-de-France,32,6,1,16.67,0,0,0,1,4,1,0,68.5,455.2,1978.0,2,4,355.0,19474.0,24.0,23.1,360.0,302.0,31.0,2.82,1.67,0.33,8.61,0.3234,Faible,1939
62081,Baralle,62,Hauts-de-France,32,5,1,20.0,0,0,1,2,1,0,1,66.0,339.4,1977.0,2,3,434.0,22128.0,19.7,18.1,1642.0,1366.0,179.0,2.3,0.3,0.07,10.9,0.3042,Faible,2072
62098,,,Hauts-de-France,32,5,3,60.0,0,0,0,0,2,3,0,78.2,464.6,1963.8,3,2,,,,,7247.0,4857.0,517.0,,0.07,0.06,7.13,,,3613
62116,Bernieulles,62,Hauts-de-France,32,5,3,60.0,0,0,1,1,0,2,1,53.5,424.0,1964.0,2,3,162.0,21453.0,20.3,20.3,,,,18.52,,,,0.4866,Moyenne,705
62122,Beugny,62,Hauts-de-France,32,5,1,20.0,0,0,1,1,2,1,0,65.3,464.4,1980.2,1,4,351.0,19323.0,24.7,26.1,,,,2.85,,,,0.3385,Moyenne,1819
62133,Billy-Montigny,62,Hauts-de-France,32,5,3,60.0,0,0,0,2,0,2,1,57.1,404.0,1968.6,4,1,7937.0,19037.0,24.1,27.6,,,,0.38,,,,0.4998,Moyenne,632
62135,Blairville,62,Hauts-de-France,32,5,1,20.0,0,1,2,0,1,1,0,69.5,374.4,1983.8,0,4,304.0,16437.0,28.5,32.6,,,,3.29,,,,0.3737,Moyenne,1573
62140,Bléquin,62,Hauts-de-France,32,5,2,40.0,0,0,0,2,1,1,1,60.4,386.2,1970.2,2,3,490.0,21649.0,20.7,23.3,,,,4.08,,,,0.3916,Moyenne,1420
62144,Boiry-Becquerelle,62,Hauts-de-France,32,5,4,80.0,0,0,1,0,0,2,2,74.1,446.4,1961.8,3,2,478.0,14484.0,33.8,38.1,,,,8.37,,,,0.6416,Moyenne,230
62155,Bonningues-lès-Ardres,62,Hauts-de-France,32,6,1,16.67,0,1,1,3,0,1,0,71.3,271.8,1985.3,4,2,637.0,19049.0,23.0,23.1,,,,1.57,,,,0.3274,Faible,1919
62164,Bourlon,62,Hauts-de-France,32,5,2,40.0,0,0,0,0,3,1,1,43.4,490.6,1963.0,3,2,1156.0,15506.0,29.1,25.5,,,,1.73,,,,0.4635,Moyenne,866
62169,Bouvelinghem,62,Hauts-de-France,32,7,0,0.0,0,0,2,3,2,0,0,70.1,325.0,1983.0,3,4,260.0,20777.0,25.7,21.9,,,,0.0,,,,0.2385,Faible,2852
62173,Brebières,62,Hauts-de-France,32,5,1,20.0,0,2,1,1,0,0,1,92.1,252.2,1994.2,3,2,5283.0,22847.0,21.5,24.3,,,,0.19,,,,0.2937,Faible,2161
62176,Bréxent-Énocq,62,Hauts-de-France,32,6,4,66.67,0,0,0,1,1,2,2,92.3,500.3,1954.0,2,2,634.0,18760.0,21.1,24.6,,,,6.31,,,,0.535,Moyenne,483
62193,Calais,62,Hauts-de-France,32,5,2,40.0,0,1,0,2,0,2,0,48.3,359.8,1975.8,4,1,67571.0,21462.0,22.8,22.5,,,,0.03,,,,0.3903,Moyenne,1437
62196,La Calotterie,62,Hauts-de-France,32,5,1,20.0,1,1,0,1,1,1,0,60.6,313.8,1985.8,1,4,582.0,21193.0,19.3,18.7,,,,1.72,,,,0.315,Faible,1993
62205,Campagne-lès-Wardrecques,62,Hauts-de-France,32,5,2,40.0,0,0,0,3,0,2,0,90.3,331.0,1966.0,2,3,1301.0,16410.0,28.8,27.3,,,,1.54,,,,0.4524,Moyenne,931
62211,Capelle-Fermont,62,Hauts-de-France,32,5,1,20.0,0,0,0,2,2,1,0,72.0,353.8,1965.0,2,2,223.0,19068.0,24.8,26.9,,,,4.48,,,,0.343,Moyenne,1791
62217,Cauchy-à-la-Tour,62,Hauts-de-France,32,6,0,0.0,0,0,1,2,3,0,0,46.5,399.5,1984.0,5,1,2593.0,22014.0,20.3,18.8,,,,0.0,,,,0.2236,Faible,3035
62233,Conchil-le-Temple,62,Hauts-de-France,32,5,1,20.0,1,0,0,1,2,0,1,50.9,435.8,1983.4,4,1,1073.0,15418.0,28.6,30.6,,,,0.93,,,,0.3839,Moyenne,1491
62254,Coyecques,62,Hauts-de-France,32,5,1,20.0,0,0,0,3,1,0,1,90.1,366.6,1974.6,3,1,597.0,16240.0,26.6,27.0,,,,1.68,,,,0.3746,Moyenne,1567
62255,Crémarest,62,Hauts-de-France,32,5,4,80.0,0,1,0,0,0,2,2,44.1,452.2,1949.4,3,2,815.0,21612.0,24.3,20.6,,,,4.91,,,,0.5527,Moyenne,440
62259,Croisilles,62,Hauts-de-France,32,7,1,14.29,2,1,2,1,0,1,0,61.3,236.3,1992.7,3,3,1939.0,17393.0,24.6,21.0,,,,0.52,,,,0.3369,Moyenne,1836
62263,Dainville,62,Hauts-de-France,32,5,2,40.0,0,0,0,2,1,1,1,64.8,405.0,1960.8,4,1,5683.0,18352.0,27.0,22.8,,,,0.35,,,,0.428,Moyenne,1121
62265,Delettes,62,Hauts-de-France,32,7,5,71.43,0,1,0,1,0,4,1,102.7,421.1,1963.3,3,4,1124.0,18720.0,28.5,30.5,,,,4.45,,,,0.5529,Moyenne,436
62269,Diéval,62,Hauts-de-France,32,5,5,100.0,0,0,0,0,0,2,3,118.9,479.2,1949.2,3,2,709.0,18504.0,25.8,25.5,,,,7.05,,,,0.672,Haute,115
62286,Ecquedecques,62,Hauts-de-France,32,5,0,0.0,1,2,0,1,1,0,0,77.8,153.2,1998.4,4,1,511.0,19352.0,28.7,28.7,,,,0.0,,,,0.2557,Faible,2619
62288,Ecques,62,Hauts-de-France,32,5,2,40.0,0,0,1,1,1,2,0,117.6,422.2,1971.4,4,1,2181.0,21908.0,17.1,16.9,,,,0.92,,,,0.3857,Moyenne,1473
62291,Éleu-dit-Leauwette,62,Hauts-de-France,32,8,1,12.5,0,1,2,1,3,1,0,87.3,390.6,1981.2,6,1,2805.0,26618.0,13.5,14.6,,,,0.36,,,,0.2185,Faible,3087
62293,Embry,62,Hauts-de-France,32,5,1,20.0,0,0,2,2,0,0,1,76.3,283.2,1979.4,2,3,241.0,12465.0,34.8,38.9,,,,4.15,,,,0.4222,Moyenne,1170
62300,Équihen-Plage,62,Hauts-de-France,32,6,4,66.67,0,0,1,0,1,1,3,79.8,432.5,1954.8,5,0,2619.0,16322.0,30.4,33.5,,,,1.53,,,,0.5602,Moyenne,427
62305,,,Hauts-de-France,32,5,3,60.0,0,0,0,1,1,3,0,91.2,412.0,1957.6,3,2,,,,,,,,,,,,,,3613
62323,Fampoux,62,Hauts-de-France,32,5,2,40.0,0,0,0,1,2,1,1,126.2,496.0,1953.6,2,2,1267.0,13875.0,33.8,27.7,,,,1.58,,,,0.483,Moyenne,725
62330,Festubert,62,Hauts-de-France,32,6,2,33.33,0,1,0,3,0,1,1,75.8,301.0,1980.3,4,2,1242.0,19252.0,22.6,21.5,,,,1.61,,,,0.3916,Moyenne,1420
62352,Framecourt,62,Hauts-de-France,32,5,0,0.0,0,0,0,4,1,0,0,52.4,292.6,1973.2,3,2,116.0,16691.0,30.0,31.9,,,,0.0,,,,0.2877,Faible,2224
62355,Fresnes-lès-Montauban,62,Hauts-de-France,32,6,0,0.0,1,0,2,2,1,0,0,46.9,285.3,1992.0,3,3,604.0,12228.0,34.6,34.5,,,,0.0,,,,0.3415,Moyenne,1803
62362,Frévillers,62,Hauts-de-France,32,6,3,50.0,0,0,1,0,2,1,2,94.5,474.3,1970.2,3,3,239.0,15086.0,27.8,23.5,,,,12.55,,,,0.518,Moyenne,549
62365,Galametz,62,Hauts-de-France,32,6,1,16.67,0,0,3,1,1,1,0,49.6,339.2,1984.0,2,4,208.0,20233.0,21.2,23.5,,,,4.81,,,,0.3159,Faible,1991
62375,Gommecourt,62,Hauts-de-France,32,5,2,40.0,0,0,1,0,2,0,2,47.5,429.8,1971.0,1,4,86.0,19647.0,21.9,24.6,,,,23.26,,,,0.4325,Moyenne,1085
62396,Guinecourt,62,Hauts-de-France,32,5,1,20.0,0,1,1,2,0,0,1,72.7,325.2,1983.8,5,0,13.0,17320.0,28.7,27.9,,,,76.92,,,,0.4274,Moyenne,1128
75010,,,Île-de-France,11,5,1,20.0,1,0,0,1,2,1,0,90.1,434.6,1984.2,3,2,,,,,1186.0,830.0,174.0,,0.42,0.12,14.67,,,3613
75099,,,Île-de-France,11,5,1,20.0,0,0,1,2,1,1,0,41.4,356.6,1976.6,1,4,,,,,1185.0,922.0,159.0,,0.42,0.11,13.42,,,3613
77106,Chauffry,77,Île-de-France,11,5,1,20.0,0,0,1,2,1,0,1,55.6,286.6,1980.0,2,3,994.0,16667.0,30.7,28.5,,,,1.01,,,,0.3689,Moyenne,1612
77161,Dormelles,77,Île-de-France,11,5,0,0.0,1,0,0,3,1,0,0,59.4,253.6,1986.0,3,2,816.0,24669.0,17.3,17.5,,,,0.0,,,,0.1916,Faible,3318
77248,Lesches,77,Île-de-France,11,5,3,60.0,0,0,0,2,0,3,0,120.6,439.6,1960.4,3,2,763.0,17690.0,26.3,30.3,,,,3.93,,,,0.5191,Moyenne,545
77259,Longperrier,77,Île-de-France,11,6,0,0.0,0,0,2,2,2,0,0,105.5,352.5,1985.8,3,3,3152.0,27541.0,14.8,16.4,,,,0.0,,,,0.157,Faible,3486
77276,Mareuil-lès-Meaux,77,Île-de-France,11,5,1,20.0,1,0,1,0,2,1,0,59.2,355.0,1970.0,3,2,3345.0,25696.0,15.4,16.4,,,,0.3,,,,0.2595,Faible,2561
77303,Montdauphin,77,Île-de-France,11,6,0,0.0,1,1,1,2,1,0,0,67.7,250.7,1991.2,3,3,235.0,21833.0,23.2,24.7,,,,0.0,,,,0.2258,Faible,3016
78039,,,Île-de-France,11,5,0,0.0,0,0,2,2,1,0,0,76.4,293.4,1991.6,4,1,,,,,3691.0,2676.0,533.0,,0.14,0.0,14.44,,,3613
78077,La Boissière-École,78,Île-de-France,11,5,1,20.0,0,0,1,2,1,1,0,110.3,316.4,1978.2,2,3,747.0,28030.0,15.1,13.8,2025.0,1588.0,217.0,1.34,0.25,0.06,10.72,0.2323,Faible,2942
78108,Les Bréviaires,78,Île-de-France,11,5,0,0.0,0,0,1,1,3,0,0,81.6,450.8,1988.2,3,2,1302.0,33295.0,4.6,5.3,,,,0.0,,,,0.0877,Faible,3589
78110,,,Île-de-France,11,5,1,20.0,0,1,2,0,1,1,0,56.9,350.8,1985.2,2,3,,,,,,,,,,,,,,3613
78131,,,Île-de-France,11,5,1,20.0,0,0,2,0,2,1,0,49.7,358.0,1981.8,2,3,,,,,,,,,,,,,,3613
78145,,,Île-de-France,11,5,2,40.0,0,0,1,2,0,1,1,75.5,297.4,1969.4,1,4,,,,,,,,,,,,,,3613
78195,,,Île-de-France,11,5,1,20.0,1,0,1,2,0,1,0,62.5,255.4,1978.0,2,3,,,,,,,,,,,,,,3613
78203,,,Île-de-France,11,5,2,40.0,1,0,0,2,0,2,0,86.8,340.0,1972.2,1,3,,,,,,,,,,,,,,3613
78224,L'Étang-la-Ville,78,Île-de-France,11,7,0,0.0,1,0,1,2,3,0,0,101.0,341.3,1991.1,2,5,5157.0,25942.0,13.7,14.4,,,,0.0,,,,0.1763,Faible,3414
78231,Favrieux,78,Île-de-France,11,5,1,20.0,0,0,1,2,1,1,0,82.8,368.2,1975.4,3,2,157.0,31701.0,9.2,9.4,,,,6.37,,,,0.1925,Faible,3311
78232,,,Île-de-France,11,5,1,20.0,0,0,2,1,1,1,0,70.5,335.6,1977.0,3,2,,,,,,,,,,,,,,3613
78252,,,Île-de-France,11,5,1,20.0,0,0,2,1,1,1,0,55.3,361.2,1981.6,0,4,,,,,,,,,,,,,,3613
78270,,,Île-de-France,11,5,4,80.0,0,0,0,1,0,3,1,101.2,430.4,1964.4,4,1,,,,,,,,,,,,,,3613
78280,,,Île-de-France,11,5,1,20.0,0,0,0,4,0,1,0,75.8,277.6,1977.8,1,3,,,,,,,,,,,,,,3613
78308,,,Île-de-France,11,5,1,20.0,0,0,1,2,1,0,1,59.3,345.6,1977.6,3,2,,,,,,,,,,,,,,3613
78321,Jouars-Pontchartrain,78,Île-de-France,11,6,2,33.33,0,0,1,1,2,2,0,82.4,412.7,1965.8,2,3,6039.0,26043.0,19.4,15.9,,,,0.33,,,,0.3087,Faible,2041
78333,,,Île-de-France,11,5,0,0.0,0,0,2,2,1,0,0,63.1,225.2,1988.2,2,3,,,,,,,,,,,,,,3613
78337,Limetz-Villez,78,Île-de-France,11,5,2,40.0,0,0,0,2,1,1,1,52.4,388.2,1966.8,4,1,2110.0,31247.0,10.4,8.9,,,,0.95,,,,0.2732,Faible,2371
78373,,,Île-de-France,11,5,0,0.0,0,1,2,0,2,0,0,75.0,301.4,1993.6,4,1,,,,,,,,,,,,,,3613
78384,Médan,78,Île-de-France,11,5,0,0.0,0,1,1,2,1,0,0,79.3,325.8,1985.0,2,3,1289.0,18979.0,22.2,20.1,,,,0.0,,,,0.2602,Faible,2545
80001,Abbeville,80,Hauts-de-France,32,5,2,40.0,0,0,0,2,1,1,1,79.4,381.2,1960.8,2,3,22395.0,23808.0,19.4,17.6,3346.0,2330.0,494.0,0.09,0.15,0.09,14.76,0.3621,Moyenne,1656
80008,Aigneville,80,Hauts-de-France,32,7,3,42.86,0,0,2,2,0,2,1,83.3,360.3,1971.6,2,5,904.0,14122.0,33.1,30.8,610.0,512.0,91.0,3.32,1.15,0.59,14.92,0.493,Moyenne,662
80012,,,Hauts-de-France,32,6,3,50.0,0,0,0,0,3,1,2,67.7,523.8,1954.7,3,2,,,,,1562.0,1266.0,93.0,,0.38,0.24,5.95,,,3613
80020,Allonville,80,Hauts-de-France,32,5,2,40.0,0,0,1,0,2,0,2,104.2,361.4,1971.8,1,4,778.0,16986.0,27.6,24.4,779.0,566.0,107.0,2.57,0.64,0.35,13.74,0.4464,Moyenne,980
80039,Ault,80,Hauts-de-France,32,5,2,40.0,0,1,0,1,1,2,0,68.3,400.0,1972.6,5,0,1346.0,17757.0,27.3,22.7,987.0,649.0,58.0,1.49,0.51,0.31,5.88,0.4362,Moyenne,1058
80045,Authuille,80,Hauts-de-France,32,5,2,40.0,0,0,1,2,0,2,0,67.5,353.0,1957.6,1,4,154.0,11520.0,31.5,37.5,1620.0,1244.0,157.0,12.99,0.31,0.16,9.69,0.5214,Moyenne,537
80055,Barly,80,Hauts-de-France,32,5,1,20.0,0,0,1,2,1,0,1,90.5,382.2,1979.8,2,3,161.0,15363.0,34.2,35.5,815.0,642.0,59.0,6.21,0.61,0.16,7.24,0.3891,Moyenne,1445
80075,,,Hauts-de-France,32,6,1,16.67,0,2,0,2,1,0,1,71.9,310.2,1983.0,4,1,,,,,4782.0,3872.0,332.0,,0.13,0.03,6.94,,,3613
80080,Belloy-en-Santerre,80,Hauts-de-France,32,5,1,20.0,0,0,0,3,1,1,0,84.7,357.4,1981.2,3,2,149.0,19068.0,25.4,27.8,654.0,531.0,62.0,6.71,0.76,0.19,9.48,0.3449,Moyenne,1776
80082,Belloy-sur-Somme,80,Hauts-de-France,32,5,1,20.0,0,0,1,2,1,1,0,65.7,406.6,1971.8,3,2,717.0,20939.0,22.9,23.0,4057.0,3278.0,420.0,1.39,0.12,0.03,10.35,0.3178,Faible,1979
80087,Bernay-en-Ponthieu,80,Hauts-de-France,32,5,1,20.0,1,0,1,1,1,0,1,77.5,294.6,1984.6,0,3,240.0,21139.0,21.0,17.2,83.0,66.0,8.0,4.17,6.02,1.52,9.64,0.3178,Faible,1979
80099,Bettencourt-Rivière,80,Hauts-de-France,32,6,3,50.0,0,0,0,1,2,1,2,75.4,513.5,1965.5,1,3,209.0,13447.0,33.0,32.8,929.0,650.0,51.0,14.35,0.65,0.46,5.49,0.5393,Moyenne,472
80101,Beuvraignes,80,Hauts-de-France,32,5,2,40.0,0,0,0,1,2,1,1,80.0,501.4,1961.4,2,3,900.0,19617.0,20.2,23.2,,,,2.22,,,,0.4144,Moyenne,1228
80106,Blangy-sous-Poix,80,Hauts-de-France,32,5,1,20.0,0,0,0,1,3,1,0,128.8,445.2,1971.8,3,2,161.0,12996.0,33.1,39.2,,,,6.21,,,,0.4176,Moyenne,1206
80117,Bouchon,80,Hauts-de-France,32,5,1,20.0,0,1,1,1,1,1,0,97.9,343.6,1976.4,4,1,158.0,17463.0,24.1,28.4,,,,6.33,,,,0.364,Moyenne,1644
80123,Bourdon,80,Hauts-de-France,32,9,3,33.33,0,1,0,2,3,1,2,84.5,392.2,1972.3,5,3,376.0,14716.0,28.8,30.7,,,,7.98,,,,0.4518,Moyenne,937
80130,Bovelles,80,Hauts-de-France,32,6,1,16.67,0,1,1,2,1,0,1,81.4,318.5,1985.2,3,3,425.0,12757.0,33.5,30.5,,,,2.35,,,,0.4038,Moyenne,1324
80139,Breuil,80,Hauts-de-France,32,5,0,0.0,0,0,1,3,1,0,0,89.8,309.0,1978.4,3,2,45.0,18656.0,24.3,23.5,,,,0.0,,,,0.264,Faible,2489
80157,Bussy-lès-Poix,80,Hauts-de-France,32,6,2,33.33,0,1,2,0,1,1,1,81.0,373.3,1987.0,3,3,90.0,16934.0,28.4,25.4,,,,22.22,,,,0.4376,Moyenne,1049
80163,Cambron,80,Hauts-de-France,32,5,1,20.0,1,0,1,1,1,0,1,82.7,366.6,1984.8,2,3,740.0,14559.0,32.9,31.4,,,,1.35,,,,0.3946,Moyenne,1399
80176,Carrépuis,80,Hauts-de-France,32,5,3,60.0,0,0,0,2,0,3,0,60.7,429.6,1955.6,4,1,250.0,18252.0,28.7,23.0,,,,12.0,,,,0.5194,Moyenne,542
80180,Cavillon,80,Hauts-de-France,32,6,4,66.67,0,1,0,0,1,3,1,82.4,415.5,1959.8,4,2,90.0,17266.0,26.0,27.8,,,,44.44,,,,0.5864,Moyenne,370
80183,Cerisy-Buleux,80,Hauts-de-France,32,6,1,16.67,0,0,1,1,3,0,1,79.1,449.2,1972.7,2,4,278.0,15101.0,29.9,31.8,,,,3.6,,,,0.3767,Moyenne,1547
80189,La Chavatte,80,Hauts-de-France,32,6,3,50.0,1,0,1,0,1,1,2,85.1,399.5,1964.2,4,2,60.0,13668.0,29.0,27.4,,,,50.0,,,,0.5679,Moyenne,414
80192,Chipilly,80,Hauts-de-France,32,5,2,40.0,0,0,0,1,2,2,0,95.1,440.0,1960.8,3,2,172.0,15568.0,26.7,23.6,,,,11.63,,,,0.4714,Moyenne,805
80201,Coigneux,80,Hauts-de-France,32,7,3,42.86,0,0,1,1,2,3,0,77.1,396.4,1972.4,5,2,45.0,14375.0,27.6,26.3,,,,66.67,,,,0.5454,Moyenne,458
80202,Coisy,80,Hauts-de-France,32,5,3,60.0,1,0,1,0,0,2,1,77.0,352.2,1964.0,4,1,387.0,15822.0,32.1,26.7,,,,7.75,,,,0.5449,Moyenne,460
80212,Corbie,80,Hauts-de-France,32,6,0,0.0,1,0,1,2,2,0,0,86.3,318.2,1980.2,2,4,5982.0,15842.0,27.6,22.8,,,,0.0,,,,0.298,Faible,2123
80231,Curlu,80,Hauts-de-France,32,5,2,40.0,0,2,0,0,1,0,2,58.2,302.4,1975.4,3,2,152.0,17926.0,27.3,22.1,,,,13.16,,,,0.4444,Moyenne,999
80238,Dernancourt,80,Hauts-de-France,32,6,3,50.0,0,0,0,0,3,1,2,95.2,479.3,1965.5,3,3,517.0,18058.0,29.0,30.4,,,,5.8,,,,0.4763,Moyenne,768
80240,Doingt,80,Hauts-de-France,32,5,1,20.0,1,1,0,0,2,1,0,70.4,291.8,1986.6,4,1,1389.0,24362.0,19.4,22.0,,,,0.72,,,,0.2759,Faible,2350
80245,Domléger-Longvillers,80,Hauts-de-France,32,5,3,60.0,0,0,0,0,2,1,2,60.1,584.0,1959.8,1,4,287.0,17835.0,28.9,32.6,,,,10.45,,,,0.5231,Moyenne,527
80254,,,Hauts-de-France,32,7,3,42.86,0,0,0,2,2,3,0,101.1,426.6,1967.0,2,5,,,,,,,,,,,,,,3613
80273,Éplessier,80,Hauts-de-France,32,7,3,42.86,0,0,0,0,4,1,2,82.2,527.0,1970.3,4,3,342.0,14620.0,32.0,32.2,,,,8.77,,,,0.4918,Moyenne,674
80282,Érondelle,80,Hauts-de-France,32,5,0,0.0,1,0,2,0,2,0,0,58.6,310.4,1995.2,2,3,504.0,18816.0,27.6,33.0,,,,0.0,,,,0.2621,Faible,2514
80293,Ételfay,80,Hauts-de-France,32,5,2,40.0,0,0,2,1,0,1,1,52.6,422.4,1979.8,2,3,348.0,20311.0,24.8,22.7,,,,5.75,,,,0.4092,Moyenne,1274
80312,Fins,80,Hauts-de-France,32,5,2,40.0,0,0,0,1,2,2,0,67.4,418.8,1965.6,3,2,278.0,16208.0,29.8,30.8,,,,7.19,,,,0.4598,Moyenne,888
80319,Fluy,80,Hauts-de-France,32,7,2,28.57,1,0,2,0,2,0,2,62.4,398.0,1975.7,6,1,320.0,16825.0,22.6,21.8,,,,6.25,,,,0.4058,Moyenne,1303
80320,Folies,80,Hauts-de-France,32,6,3,50.0,0,0,2,0,1,3,0,65.8,441.7,1971.2,4,2,152.0,21954.0,18.5,18.8,,,,19.74,,,,0.4416,Moyenne,1013
80325,Fontaine-lès-Cappy,80,Hauts-de-France,32,5,2,40.0,0,0,1,0,2,1,1,75.0,481.6,1964.8,3,2,54.0,17566.0,26.2,31.3,,,,37.04,,,,0.4696,Moyenne,820
80326,Fontaine-sous-Montdidier,80,Hauts-de-France,32,6,2,33.33,0,1,1,1,1,1,1,59.2,362.0,1975.8,2,4,97.0,21371.0,17.4,18.4,,,,20.62,,,,0.3827,Moyenne,1501
80329,Forceville,80,Hauts-de-France,32,6,1,16.67,1,1,0,2,1,0,1,77.3,299.8,1980.3,2,4,163.0,18118.0,26.5,22.2,,,,6.13,,,,0.3426,Moyenne,1796
80336,Foucaucourt-Hors-Nesle,80,Hauts-de-France,32,5,1,20.0,0,0,1,3,0,0,1,66.9,323.2,1986.0,2,1,79.0,16079.0,31.3,33.3,,,,12.66,,,,0.3862,Moyenne,1469
80347,Fransart,80,Hauts-de-France,32,5,1,20.0,0,1,0,1,2,0,1,53.2,343.8,1977.8,4,1,163.0,17555.0,28.6,27.3,,,,6.13,,,,0.3627,Moyenne,1650
80366,Fricourt,80,Hauts-de-France,32,5,1,20.0,0,0,1,0,3,1,0,80.6,508.6,1980.0,3,2,457.0,22060.0,20.9,25.0,,,,2.19,,,,0.305,Faible,2066
80382,,,Hauts-de-France,32,6,3,50.0,0,0,0,2,1,2,1,42.2,367.3,1958.8,4,2,,,,,,,,,,,,,,3613
80397,Gueudecourt,80,Hauts-de-France,32,5,3,60.0,0,0,0,1,1,2,1,74.7,494.0,1954.0,3,1,101.0,19265.0,24.9,29.7,,,,29.7,,,,0.5227,Moyenne,528
91011,,,Île-de-France,11,5,1,20.0,0,1,0,2,1,0,1,84.6,326.2,1985.8,4,1,,,,,1972.0,1305.0,170.0,,0.25,0.08,8.62,,,3613
91033,,,Île-de-France,11,6,3,50.0,0,0,1,2,0,1,2,59.1,403.0,1961.0,1,5,,,,,3528.0,2521.0,220.0,,0.17,0.12,6.24,,,3613
91041,Avrainville,91,Île-de-France,11,5,2,40.0,0,1,0,2,0,2,0,68.8,308.6,1967.2,2,2,1052.0,24414.0,22.3,22.5,613.0,484.0,87.0,1.9,0.82,0.41,14.19,0.3564,Moyenne,1690
91089,,,Île-de-France,11,5,1,20.0,0,0,3,0,1,1,0,75.4,406.4,1988.4,4,1,,,,,157.0,119.0,13.0,,3.18,0.84,8.28,,,3613
91108,,,Île-de-France,11,8,3,37.5,0,0,0,2,3,3,0,60.4,456.8,1972.6,5,3,,,,,,,,,,,,,,3613
91120,,,Île-de-France,11,6,1,16.67,0,1,1,2,1,1,0,65.9,350.0,1983.0,3,3,,,,,,,,,,,,,,3613
91148,Chauffour-lès-Étréchy,91,Île-de-France,11,5,3,60.0,0,0,1,1,0,2,1,73.0,446.2,1974.8,1,4,132.0,24749.0,16.8,19.2,,,,22.73,,,,0.4505,Moyenne,943
91185,,,Île-de-France,11,8,0,0.0,1,0,2,2,3,0,0,79.8,350.1,1993.0,3,5,,,,,,,,,,,,,,3613
91204,Écharcon,91,Île-de-France,11,5,1,20.0,2,0,1,0,1,1,0,66.5,259.2,1990.2,3,2,708.0,24980.0,15.8,17.3,,,,1.41,,,,0.2691,Faible,2421
91210,,,Île-de-France,11,5,1,20.0,0,0,0,3,1,1,0,100.0,329.4,1966.2,5,0,,,,,,,,,,,,,,3613
91238,,,Île-de-France,11,5,2,40.0,0,0,1,0,2,0,2,61.2,410.8,1967.8,1,4,,,,,,,,,,,,,,3613
91319,Janvry,91,Île-de-France,11,5,1,20.0,0,1,1,2,0,0,1,72.9,284.8,1983.6,4,1,654.0,25725.0,16.6,18.1,,,,1.53,,,,0.2602,Faible,2545
91390,Le Mérévillois,91,Île-de-France,11,5,1,20.0,0,0,0,1,3,0,1,78.6,500.0,1973.2,3,2,3477.0,30533.0,13.8,15.9,,,,0.29,,,,0.2012,Faible,3246
92022,Chaville,92,Île-de-France,11,5,1,20.0,1,0,2,0,1,1,0,96.1,351.6,1983.8,4,1,20594.0,30917.0,9.5,9.0,320.0,215.0,26.0,0.05,1.56,0.47,8.12,0.1964,Faible,3281
92025,Colombes,92,Île-de-France,11,5,0,0.0,0,1,0,2,2,0,0,81.9,266.4,1985.2,2,2,91053.0,40577.0,3.0,2.5,4637.0,3327.0,436.0,0.0,0.11,0.0,9.4,0.0,Faible,3612
92088,,,Île-de-France,11,5,2,40.0,0,0,0,2,1,1,1,106.8,390.6,1966.0,2,3,,,,,32.0,24.0,4.0,,15.62,8.33,12.5,,,3613
92216,,,Île-de-France,11,5,1,20.0,0,0,1,1,2,1,0,53.2,405.0,1975.2,1,3,,,,,,,,,,,,,,3613
92257,,,Île-de-France,11,5,3,60.0,0,0,1,1,0,2,1,76.9,435.0,1955.8,3,2,,,,,,,,,,,,,,3613
92270,,,Île-de-France,11,6,3,50.0,0,0,1,1,1,2,1,87.4,418.8,1970.3,3,3,,,,,,,,,,,,,,3613
92274,,,Île-de-France,11,5,1,20.0,1,0,1,2,0,1,0,56.0,315.2,1979.8,4,1,,,,,,,,,,,,,,3613
92275,,,Île-de-France,11,6,0,0.0,0,0,2,2,2,0,0,63.4,329.2,1983.3,4,2,,,,,,,,,,,,,,3613
92286,,,Île-de-France,11,5,4,80.0,0,0,0,1,0,3,1,70.4,483.4,1955.2,1,4,,,,,,,,,,,,,,3613
92303,,,Île-de-France,11,5,1,20.0,0,0,1,3,0,1,0,91.8,339.4,1983.8,1,2,,,,,,,,,,,,,,3613
92312,,,Île-de-France,11,5,1,20.0,0,0,2,1,1,0,1,75.3,385.6,1987.0,0,5,,,,,,,,,,,,,,3613
92331,,,Île-de-France,11,5,2,40.0,0,0,1,1,1,2,0,47.1,350.0,1963.0,3,2,,,,,,,,,,,,,,3613
92373,,,Île-de-France,11,5,2,40.0,0,0,1,1,1,0,2,79.6,362.2,1963.6,3,2,,,,,,,,,,,,,,3613
92382,,,Île-de-France,11,5,0,0.0,1,1,0,1,2,0,0,63.9,277.0,1987.0,1,3,,,,,,,,,,,,,,3613
93068,,,Île-de-France,11,8,0,0.0,0,0,2,5,1,0,0,72.2,294.4,1989.2,6,2,,,,,607.0,488.0,70.0,,1.32,0.0,11.53,,,3613
93121,,,Île-de-France,11,5,1,20.0,1,1,0,2,0,1,0,85.8,195.8,1979.8,4,1,,,,,,,,,,,,,,3613
93156,,,Île-de-France,11,5,1,20.0,0,1,0,3,0,1,0,76.9,244.4,1978.6,2,3,,,,,,,,,,,,,,3613
93169,,,Île-de-France,11,5,2,40.0,0,0,0,1,2,1,1,57.5,495.0,1971.2,3,2,,,,,,,,,,,,,,3613
93183,,,Île-de-France,11,5,0,0.0,0,1,2,1,1,0,0,49.6,282.6,1989.4,2,3,,,,,,,,,,,,,,3613
93231,,,Île-de-France,11,5,1,20.0,0,0,2,1,1,0,1,93.5,416.8,1977.6,2,3,,,,,,,,,,,,,,3613
93237,,,Île-de-France,11,6,2,33.33,0,0,1,1,2,0,2,63.0,428.7,1963.8,2,3,,,,,,,,,,,,,,3613
93240,,,Île-de-France,11,5,1,20.0,0,0,0,4,0,1,0,107.1,277.6,1965.0,3,1,,,,,,,,,,,,,,3613
93251,,,Île-de-France,11,5,1,20.0,0,0,2,2,0,1,0,70.0,265.8,1973.8,0,5,,,,,,,,,,,,,,3613
93274,,,Île-de-France,11,6,1,16.67,0,0,2,2,1,1,0,74.4,331.5,1986.7,4,2,,,,,,,,,,,,,,3613
93308,,,Île-de-France,11,5,2,40.0,0,1,1,0,1,1,1,47.4,368.0,1979.6,1,4,,,,,,,,,,,,,,3613
93319,,,Île-de-France,11,5,0,0.0,0,0,3,0,2,0,0,49.9,344.6,1991.0,3,2,,,,,,,,,,,,,,3613
93324,,,Île-de-France,11,5,0,0.0,0,1,0,3,1,0,0,65.5,292.2,1983.2,3,2,,,,,,,,,,,,,,3613
93330,,,Île-de-France,11,5,0,0.0,0,0,2,1,2,0,0,95.9,392.2,1988.6,4,1,,,,,,,,,,,,,,3613
93335,,,Île-de-France,11,5,1,20.0,0,0,1,1,2,0,1,108.6,438.6,1977.6,2,3,,,,,,,,,,,,,,3613
93379,,,Île-de-France,11,5,0,0.0,1,0,3,0,1,0,0,65.9,273.6,2000.4,0,5,,,,,,,,,,,,,,3613
94017,Champigny-sur-Marne,94,Île-de-France,11,5,0,0.0,1,0,1,2,1,0,0,78.7,313.4,1982.8,3,2,78072.0,30091.0,10.8,11.4,260.0,175.0,24.0,0.0,1.92,0.0,9.23,0.1263,Faible,3566
94032,,,Île-de-France,11,5,1,20.0,0,0,1,2,1,1,0,109.5,362.6,1976.4,2,3,,,,,136.0,103.0,11.0,,3.68,0.97,8.09,,,3613
94078,Villeneuve-Saint-Georges,94,Île-de-France,11,5,1,20.0,0,1,0,2,1,1,0,64.7,335.8,1977.8,2,3,36221.0,26954.0,15.0,15.4,2893.0,2021.0,329.0,0.03,0.17,0.05,11.37,0.2441,Faible,2777
94146,,,Île-de-France,11,5,0,0.0,0,0,2,2,1,0,0,78.7,258.8,1989.8,4,1,,,,,,,,,,,,,,3613
94155,,,Île-de-France,11,6,2,33.33,0,0,1,2,1,1,1,42.4,409.2,1975.7,3,2,,,,,,,,,,,,,,3613
94201,,,Île-de-France,11,5,2,40.0,0,0,3,0,0,2,0,65.4,374.8,1974.8,4,1,,,,,,,,,,,,,,3613
94205,,,Île-de-France,11,5,0,0.0,0,0,2,2,1,0,0,64.9,297.4,1985.6,3,2,,,,,,,,,,,,,,3613
94297,,,Île-de-France,11,6,2,33.33,1,0,0,1,2,1,1,76.0,402.8,1971.8,4,2,,,,,,,,,,,,,,3613
94325,,,Île-de-France,11,5,3,60.0,0,0,1,1,0,3,0,63.9,381.4,1960.2,3,2,,,,,,,,,,,,,,3613
94364,,,Île-de-France,11,5,1,20.0,0,1,0,2,1,0,1,79.6,267.4,1978.0,3,2,,,,,,,,,,,,,,3613
95094,Bouqueval,95,Île-de-France,11,5,0,0.0,1,1,1,1,1,0,0,63.0,199.6,1998.2,5,0,314.0,20022.0,21.2,24.2,150.0,119.0,7.0,0.0,3.33,0.0,4.67,0.2476,Faible,2728
95103,,,Île-de-France,11,5,1,20.0,0,0,2,1,1,1,0,91.8,284.8,1980.0,3,2,,,,,,,,,,,,,,3613
95131,,,Île-de-France,11,5,4,80.0,0,0,0,1,0,3,1,125.8,462.8,1963.4,4,0,,,,,,,,,,,,,,3613
95197,Deuil-la-Barre,95,Île-de-France,11,6,3,50.0,0,1,1,0,1,2,1,64.8,486.3,1970.3,1,5,23099.0,24424.0,17.3,19.5,,,,0.13,,,,0.3947,Moyenne,1398
95217,,,Île-de-France,11,5,2,40.0,0,0,1,1,1,0,2,63.7,397.0,1977.0,1,4,,,,,,,,,,,,,,3613
95255,,,Île-de-France,11,5,0,0.0,0,0,1,4,0,0,0,65.7,240.0,1984.2,2,3,,,,,,,,,,,,,,3613
95260,,,Île-de-France,11,5,1,20.0,0,0,2,2,0,1,0,53.9,287.0,1989.2,1,4,,,,,,,,,,,,,,3613
95288,Groslay,95,Île-de-France,11,5,0,0.0,0,0,2,2,1,0,0,53.7,348.6,1989.8,1,3,8453.0,24546.0,22.8,22.5,,,,0.0,,,,0.1931,Faible,3308
95303,Le Heaulme,95,Île-de-France,11,5,1,20.0,0,1,2,1,0,0,1,70.9,297.8,1980.6,4,1,207.0,20215.0,26.1,27.7,,,,4.83,,,,0.3295,Faible,1901
95350,,,Île-de-France,11,5,2,40.0,0,0,0,2,1,2,0,88.9,403.2,1980.6,3,2,,,,,,,,,,,,,,3613
95377,,,Île-de-France,11,5,2,40.0,0,0,0,2,1,2,0,53.7,355.2,1967.2,1,4,,,,,,,,,,,,,,3613
