CODGEO,DEP,NB_LOGEMENTS,NB_RP,NB_LOGVAC,NB_MAISON,NB_APPART
75001,75,885.0,721.0,47.0,449.0,379.0
75002,75,24000.0,17028.0,1312.0,11855.0,5154.0
75003,75,3404.0,2469.0,338.0,1658.0,1131.0
75004,75,3783.0,3195.0,387.0,1078.0,1997.0
75005,75,1645.0,1165.0,216.0,735.0,452.0
75006,75,127.0,98.0,7.0,45.0,33.0
75007,75,626.0,466.0,36.0,183.0,141.0
75008,75,548.0,454.0,57.0,166.0,304.0
75009,75,463.0,349.0,52.0,216.0,221.0
75010,75,1186.0,830.0,174.0,403.0,336.0
75011,75,44.0,30.0,6.0,20.0,19.0
75012,75,3991.0,2939.0,485.0,1882.0,974.0
75013,75,15447.0,13057.0,1861.0,7242.0,4989.0
75014,75,203.0,143.0,13.0,60.0,83.0
75015,75,718.0,592.0,85.0,373.0,395.0
75016,75,919.0,625.0,89.0,324.0,316.0
75017,75,3753.0,2616.0,227.0,1427.0,1039.0
75018,75,2542.0,2072.0,245.0,1194.0,915.0
75019,75,688.0,469.0,50.0,242.0,207.0
75020,75,438.0,349.0,50.0,212.0,215.0
75021,75,88.0,74.0,5.0,34.0,26.0
75022,75,1443.0,1084.0,188.0,531.0,513.0
75023,75,468.0,371.0,58.0,202.0,245.0
75024,75,781.0,528.0,54.0,337.0,298.0
75025,75,11259.0,9066.0,1187.0,5220.0,3623.0
75026,75,1261.0,997.0,113.0,545.0,538.0
75027,75,11074.0,7368.0,788.0,3089.0,5057.0
75028,75,3869.0,3023.0,260.0,1731.0,1923.0
75029,75,923.0,774.0,67.0,279.0,427.0
75030,75,1387.0,911.0,179.0,325.0,304.0
75031,75,3037.0,2543.0,277.0,1087.0,1482.0
75032,75,2520.0,1954.0,298.0,1143.0,1145.0
75033,75,3202.0,2551.0,212.0,833.0,1360.0
75034,75,1097.0,841.0,128.0,333.0,403.0
75035,75,311.0,213.0,29.0,85.0,142.0
75036,75,2282.0,1569.0,205.0,983.0,494.0
75037,75,1811.0,1484.0,169.0,721.0,941.0
75038,75,219.0,164.0,21.0,68.0,72.0
75039,75,3327.0,2682.0,406.0,1532.0,1800.0
75040,75,68.0,55.0,9.0,17.0,25.0
75041,75,216.0,169.0,32.0,61.0,73.0
75042,75,38286.0,32184.0,3548.0,15024.0,20870.0
75043,75,824.0,682.0,72.0,211.0,319.0
75044,75,329.0,219.0,35.0,106.0,96.0
75045,75,12.0,10.0,1.0,6.0,5.0
75046,75,737.0,557.0,107.0,232.0,235.0
75047,75,800.0,602.0,48.0,261.0,282.0
75048,75,299.0,253.0,44.0,87.0,117.0
75049,75,2383.0,1885.0,323.0,834.0,1093.0
75050,75,7638.0,5941.0,432.0,3362.0,1903.0
75051,75,621.0,432.0,90.0,278.0,180.0
75052,75,739.0,621.0,45.0,231.0,299.0
75053,75,913.0,697.0,116.0,422.0,487.0
75054,75,439.0,331.0,58.0,195.0,201.0
75055,75,2532.0,2055.0,264.0,1319.0,1030.0
75056,75,80.0,56.0,4.0,22.0,30.0
75057,75,13477.0,9775.0,1712.0,4187.0,6750.0
75058,75,725.0,514.0,98.0,242.0,204.0
75059,75,924.0,733.0,61.0,502.0,260.0
75060,75,2252.0,1858.0,115.0,792.0,911.0
75061,75,4802.0,3387.0,276.0,1147.0,1016.0
75062,75,5524.0,4435.0,351.0,2775.0,1821.0
75063,75,882.0,703.0,118.0,357.0,292.0
75064,75,156.0,114.0,22.0,70.0,51.0
75065,75,406.0,327.0,31.0,152.0,179.0
75066,75,14985.0,10202.0,1841.0,5780.0,7085.0
75067,75,3650.0,2801.0,420.0,1914.0,963.0
75068,75,9449.0,7820.0,776.0,2360.0,3080.0
75069,75,56951.0,43251.0,6211.0,13531.0,30262.0
75070,75,7262.0,5339.0,478.0,2077.0,3142.0
75071,75,3207.0,2695.0,309.0,1412.0,1142.0
75072,75,63.0,50.0,7.0,22.0,22.0
75073,75,6500.0,5326.0,955.0,2230.0,2322.0
75074,75,6516.0,4707.0,699.0,1953.0,2533.0
75075,75,137.0,110.0,17.0,37.0,58.0
75076,75,1355.0,1053.0,81.0,407.0,623.0
75077,75,400.0,267.0,41.0,186.0,131.0
75078,75,455.0,368.0,60.0,186.0,134.0
75079,75,2150.0,1734.0,198.0,897.0,839.0
75080,75,393.0,288.0,52.0,132.0,164.0
75081,75,2429.0,1778.0,297.0,702.0,1222.0
75082,75,137.0,105.0,19.0,36.0,41.0
75083,75,50169.0,39264.0,2586.0,24713.0,23617.0
75084,75,408.0,345.0,30.0,197.0,198.0
75085,75,214.0,150.0,32.0,101.0,89.0
75086,75,1111.0,874.0,154.0,354.0,313.0
75087,75,1039.0,873.0,102.0,539.0,546.0
75088,75,206.0,146.0,18.0,50.0,84.0
75089,75,2014.0,1370.0,270.0,532.0,566.0
75090,75,11973.0,8820.0,1239.0,5616.0,4230.0
75091,75,242.0,201.0,19.0,94.0,122.0
75092,75,1004.0,714.0,70.0,371.0,371.0
75093,75,2086.0,1688.0,170.0,576.0,765.0
75094,75,2782.0,1883.0,365.0,601.0,1316.0
75095,75,1523.0,1193.0,221.0,628.0,675.0
75096,75,1054.0,871.0,80.0,317.0,585.0
75097,75,460.0,325.0,36.0,113.0,220.0
75098,75,1094.0,754.0,112.0,241.0,428.0
75099,75,1185.0,922.0,159.0,543.0,350.0
77001,77,3230.0,2125.0,477.0,1113.0,1298.0
77002,77,65.0,44.0,8.0,27.0,15.0
77003,77,168.0,125.0,18.0,83.0,53.0
77004,77,30.0,20.0,2.0,6.0,13.0
77005,77,4148.0,3377.0,367.0,1587.0,1699.0
77006,77,2166.0,1484.0,228.0,869.0,871.0
77007,77,689.0,523.0,103.0,289.0,327.0
77008,77,745.0,587.0,78.0,221.0,215.0
77009,77,839.0,701.0,44.0,312.0,212.0
77010,77,3694.0,2599.0,294.0,1170.0,1520.0
77011,77,502.0,348.0,48.0,108.0,161.0
77012,77,852.0,571.0,125.0,174.0,309.0
77013,77,584.0,388.0,51.0,239.0,158.0
77014,77,910.0,618.0,66.0,296.0,400.0
77015,77,6563.0,4443.0,456.0,2243.0,2764.0
77016,77,2917.0,1992.0,332.0,1236.0,1066.0
77017,77,5705.0,4399.0,794.0,1395.0,1505.0
77018,77,515.0,394.0,44.0,172.0,233.0
77019,77,4395.0,3096.0,445.0,1925.0,2144.0
77020,77,1020.0,778.0,70.0,420.0,443.0
77021,77,451.0,371.0,62.0,225.0,174.0
77022,77,4465.0,2933.0,271.0,1905.0,1346.0
77023,77,23813.0,17588.0,2519.0,6941.0,10120.0
77024,77,435.0,345.0,45.0,177.0,240.0
77025,77,1246.0,861.0,102.0,492.0,348.0
77026,77,304.0,256.0,23.0,155.0,141.0
77027,77,12759.0,10276.0,1238.0,5212.0,3140.0
77028,77,126.0,104.0,8.0,69.0,35.0
77029,77,141.0,112.0,9.0,72.0,64.0
77030,77,1650.0,1143.0,108.0,729.0,662.0
77031,77,96.0,67.0,8.0,41.0,36.0
77032,77,8821.0,5854.0,763.0,2831.0,3708.0
77033,77,663.0,500.0,95.0,165.0,349.0
77034,77,4388.0,3720.0,330.0,2593.0,2597.0
77035,77,13474.0,11233.0,1008.0,3409.0,5285.0
77036,77,390.0,292.0,34.0,194.0,137.0
77037,77,169.0,119.0,16.0,64.0,60.0
77038,77,585.0,493.0,74.0,208.0,285.0
77039,77,3620.0,3075.0,518.0,1759.0,1138.0
77040,77,381.0,296.0,38.0,135.0,125.0
77041,77,133.0,90.0,16.0,36.0,30.0
77042,77,556.0,450.0,41.0,160.0,184.0
77043,77,716.0,598.0,79.0,375.0,397.0
77044,77,1768.0,1290.0,187.0,559.0,537.0
77045,77,2244.0,1693.0,151.0,1089.0,852.0
77046,77,839.0,650.0,96.0,430.0,409.0
77047,77,177.0,139.0,18.0,68.0,72.0
77048,77,449.0,371.0,39.0,155.0,235.0
77049,77,4148.0,3263.0,515.0,2072.0,1542.0
77050,77,124059.0,91673.0,8597.0,32356.0,38425.0
77051,77,3777.0,3203.0,212.0,1807.0,1666.0
77052,77,1626.0,1123.0,186.0,669.0,758.0
77053,77,260.0,200.0,35.0,71.0,129.0
77054,77,515.0,417.0,57.0,215.0,259.0
77055,77,354.0,249.0,50.0,101.0,98.0
77056,77,8788.0,6436.0,1085.0,4218.0,4490.0
77057,77,386.0,317.0,52.0,148.0,130.0
77058,77,1793.0,1393.0,185.0,687.0,968.0
77059,77,854.0,607.0,49.0,328.0,339.0
77060,77,13202.0,8702.0,1892.0,4552.0,2781.0
77061,77,1606.0,1362.0,85.0,838.0,656.0
77062,77,3485.0,2558.0,229.0,1200.0,1481.0
77063,77,69.0,57.0,8.0,35.0,34.0
77064,77,480.0,388.0,38.0,137.0,150.0
77065,77,4775.0,3179.0,461.0,1796.0,1633.0
77066,77,39.0,29.0,3.0,13.0,12.0
77067,77,1906.0,1601.0,255.0,601.0,824.0
77068,77,1320.0,927.0,150.0,379.0,586.0
77069,77,2884.0,2341.0,331.0,1434.0,854.0
77070,77,362.0,242.0,47.0,132.0,72.0
77071,77,197.0,141.0,22.0,80.0,82.0
77072,77,167.0,136.0,8.0,50.0,67.0
77073,77,521.0,342.0,52.0,237.0,229.0
77074,77,714.0,523.0,46.0,337.0,300.0
77075,77,150.0,125.0,19.0,60.0,53.0
77076,77,24169.0,17573.0,1855.0,11488.0,9622.0
77077,77,1622.0,1257.0,175.0,808.0,729.0
77078,77,14791.0,12546.0,1435.0,6451.0,7340.0
77079,77,24464.0,20786.0,2560.0,12449.0,7695.0
77080,77,624.0,487.0,60.0,291.0,158.0
77081,77,4958.0,3433.0,526.0,2108.0,1945.0
77082,77,21.0,14.0,2.0,4.0,9.0
77083,77,834.0,594.0,115.0,300.0,178.0
77084,77,2867.0,1863.0,393.0,720.0,1102.0
77085,77,264.0,190.0,36.0,97.0,79.0
77086,77,613.0,414.0,83.0,255.0,235.0
77087,77,3564.0,2895.0,420.0,1909.0,1025.0
77088,77,5243.0,4122.0,386.0,1977.0,2369.0
77089,77,5822.0,4624.0,632.0,1687.0,3207.0
77090,77,3589.0,2907.0,345.0,1739.0,1186.0
77091,77,398.0,311.0,51.0,174.0,205.0
77092,77,1979.0,1368.0,204.0,443.0,532.0
77093,77,1449.0,1205.0,155.0,372.0,587.0
77094,77,2781.0,2093.0,236.0,848.0,936.0
77095,77,161.0,110.0,10.0,57.0,70.0
77096,77,3735.0,3074.0,476.0,953.0,1217.0
77097,77,3882.0,2720.0,228.0,1689.0,1762.0
77098,77,148717.0,102840.0,12355.0,56589.0,46298.0
77099,77,2248.0,1789.0,168.0,717.0,1077.0
78001,78,2102.0,1604.0,170.0,536.0,507.0
78002,78,4990.0,3712.0,668.0,1423.0,1359.0
78003,78,25.0,20.0,1.0,7.0,10.0
78004,78,326.0,228.0,48.0,150.0,111.0
78005,78,844.0,617.0,56.0,275.0,361.0
78006,78,4232.0,2757.0,575.0,1394.0,1377.0
78007,78,2943.0,2157.0,219.0,803.0,984.0
78008,78,1361.0,1073.0,88.0,591.0,368.0
78009,78,92.0,70.0,10.0,43.0,42.0
78010,78,145.0,119.0,12.0,73.0,47.0
78011,78,450.0,363.0,60.0,127.0,126.0
78012,78,3165.0,2310.0,253.0,1551.0,1582.0
78013,78,4860.0,3973.0,709.0,1312.0,1641.0
78014,78,768.0,586.0,105.0,200.0,248.0
78015,78,894.0,680.0,123.0,335.0,339.0
78016,78,677.0,570.0,56.0,319.0,245.0
78017,78,314.0,222.0,23.0,74.0,92.0
78018,78,190.0,125.0,16.0,56.0,60.0
78019,78,1695.0,1211.0,205.0,628.0,821.0
78020,78,1861.0,1579.0,263.0,503.0,1045.0
78021,78,7539.0,5732.0,1003.0,3902.0,2917.0
78022,78,3781.0,2476.0,203.0,1240.0,1547.0
78023,78,426.0,289.0,46.0,101.0,92.0
78024,78,1994.0,1436.0,130.0,919.0,553.0
78025,78,2531.0,1797.0,211.0,935.0,607.0
78026,78,341.0,262.0,48.0,95.0,177.0
78027,78,1754.0,1365.0,242.0,616.0,940.0
78028,78,161.0,121.0,23.0,76.0,58.0
78029,78,534.0,425.0,35.0,259.0,150.0
78030,78,1505.0,1005.0,158.0,494.0,544.0
78031,78,2494.0,1910.0,167.0,712.0,781.0
78032,78,2784.0,2097.0,277.0,774.0,1263.0
78033,78,1042.0,800.0,134.0,509.0,314.0
78034,78,3957.0,2783.0,316.0,1270.0,1580.0
78035,78,1836.0,1320.0,198.0,531.0,757.0
78036,78,23957.0,19256.0,1890.0,12737.0,12975.0
78037,78,6092.0,4606.0,642.0,2347.0,3073.0
78038,78,4702.0,3081.0,685.0,1947.0,1022.0
78039,78,3691.0,2676.0,533.0,1276.0,963.0
78040,78,28669.0,22330.0,3295.0,7782.0,6896.0
78041,78,4322.0,3628.0,584.0,1321.0,2239.0
78042,78,410.0,313.0,31.0,212.0,114.0
78043,78,76.0,53.0,10.0,34.0,27.0
78044,78,791.0,537.0,63.0,177.0,334.0
78045,78,29226.0,19435.0,4007.0,9341.0,9927.0
78046,78,198.0,144.0,26.0,90.0,98.0
78047,78,1646.0,1261.0,91.0,441.0,695.0
78048,78,491.0,386.0,69.0,162.0,227.0
78049,78,167.0,127.0,14.0,50.0,83.0
78050,78,5896.0,4983.0,728.0,3120.0,2769.0
78051,78,1550.0,1031.0,203.0,594.0,614.0
78052,78,7251.0,5217.0,645.0,2470.0,2363.0
78053,78,5003.0,4211.0,418.0,2145.0,1637.0
78054,78,6893.0,5782.0,879.0,2904.0,1969.0
78055,78,2749.0,2248.0,281.0,842.0,1048.0
78056,78,117.0,93.0,15.0,33.0,39.0
78057,78,1231.0,836.0,91.0,278.0,498.0
78058,78,35093.0,24730.0,3771.0,13190.0,15618.0
78059,78,12712.0,8585.0,1581.0,4682.0,3066.0
78060,78,2079.0,1712.0,108.0,533.0,823.0
78061,78,2868.0,2010.0,196.0,1341.0,1278.0
78062,78,158.0,114.0,11.0,57.0,45.0
78063,78,18573.0,12230.0,1000.0,3750.0,5944.0
78064,78,1794.0,1344.0,243.0,516.0,820.0
78065,78,30343.0,24017.0,2394.0,7703.0,14446.0
78066,78,1141.0,893.0,141.0,348.0,376.0
78067,78,1281.0,851.0,149.0,326.0,588.0
78068,78,161.0,114.0,20.0,34.0,77.0
78069,78,8830.0,7379.0,1111.0,3648.0,3543.0
78070,78,840.0,688.0,123.0,357.0,231.0
78071,78,418.0,281.0,58.0,122.0,159.0
78072,78,17570.0,11810.0,2563.0,7067.0,4642.0
78073,78,28.0,21.0,4.0,14.0,9.0
78074,78,9786.0,7836.0,1168.0,4920.0,3150.0
78075,78,2377.0,1740.0,242.0,549.0,529.0
78076,78,252.0,164.0,35.0,83.0,91.0
78077,78,2025.0,1588.0,217.0,925.0,906.0
78078,78,1500.0,1171.0,146.0,417.0,703.0
78079,78,804.0,640.0,95.0,338.0,297.0
78080,78,32.0,26.0,3.0,15.0,16.0
78081,78,1331.0,1069.0,120.0,740.0,623.0
78082,78,107.0,81.0,8.0,33.0,45.0
78083,78,10289.0,6729.0,788.0,4491.0,4488.0
78084,78,4959.0,3834.0,607.0,1295.0,2290.0
78085,78,25419.0,19982.0,3466.0,7467.0,8706.0
78086,78,4278.0,3142.0,347.0,2094.0,2102.0
78087,78,1225.0,830.0,84.0,472.0,323.0
78088,78,4456.0,3050.0,494.0,2081.0,1654.0
78089,78,1158.0,909.0,71.0,541.0,338.0
78090,78,811.0,667.0,121.0,210.0,337.0
78091,78,9.0,6.0,0.0,4.0,3.0
78092,78,61765.0,43752.0,4370.0,30624.0,22400.0
78093,78,2188.0,1818.0,220.0,959.0,1191.0
78094,78,4544.0,3065.0,353.0,1898.0,1087.0
78095,78,5274.0,4440.0,415.0,2747.0,2976.0
78096,78,11794.0,8906.0,899.0,5429.0,3587.0
78097,78,238.0,186.0,12.0,89.0,95.0
78098,78,4948.0,3689.0,632.0,1598.0,1232.0
78099,78,983.0,748.0,139.0,245.0,338.0
91001,91,1757.0,1255.0,236.0,522.0,414.0
91002,91,67.0,47.0,3.0,19.0,16.0
91003,91,24454.0,16927.0,2554.0,6108.0,7327.0
91004,91,4833.0,3313.0,653.0,1815.0,1635.0
91005,91,8200.0,5376.0,965.0,3057.0,3043.0
91006,91,395.0,273.0,39.0,160.0,139.0
91007,91,1093.0,795.0,155.0,448.0,421.0
91008,91,345.0,254.0,28.0,143.0,145.0
91009,91,1068.0,827.0,121.0,358.0,515.0
91010,91,75.0,59.0,7.0,30.0,25.0
91011,91,1972.0,1305.0,170.0,727.0,546.0
91012,91,518.0,434.0,31.0,154.0,144.0
91013,91,931.0,771.0,62.0,398.0,359.0
91014,91,1492.0,1135.0,82.0,638.0,561.0
91015,91,2078.0,1728.0,134.0,588.0,1151.0
91016,91,13714.0,10042.0,698.0,4360.0,3257.0
91017,91,9657.0,6799.0,1340.0,4141.0,3388.0
91018,91,444.0,337.0,38.0,182.0,182.0
91019,91,324.0,215.0,38.0,106.0,124.0
91020,91,1446.0,939.0,187.0,494.0,304.0
91021,91,180.0,127.0,16.0,55.0,52.0
91022,91,1155.0,791.0,68.0,531.0,442.0
91023,91,3514.0,2314.0,276.0,924.0,1526.0
91024,91,543.0,358.0,53.0,200.0,187.0
91025,91,1789.0,1192.0,126.0,691.0,433.0
91026,91,1022.0,800.0,82.0,323.0,403.0
91027,91,366.0,273.0,37.0,98.0,144.0
91028,91,2918.0,2440.0,259.0,1479.0,1625.0
91029,91,1695.0,1209.0,251.0,808.0,478.0
91030,91,2625.0,1810.0,387.0,580.0,694.0
91031,91,73184.0,61605.0,3851.0,22557.0,39778.0
91032,91,7934.0,6104.0,1176.0,2379.0,3934.0
91033,91,3528.0,2521.0,220.0,963.0,1073.0
91034,91,2070.0,1468.0,145.0,741.0,856.0
91035,91,227.0,166.0,14.0,92.0,54.0
91036,91,388.0,301.0,41.0,183.0,98.0
91037,91,1163.0,933.0,119.0,499.0,406.0
91038,91,445.0,312.0,55.0,144.0,211.0
91039,91,2452.0,1817.0,200.0,775.0,851.0
91040,91,563.0,460.0,46.0,219.0,295.0
91041,91,613.0,484.0,87.0,242.0,294.0
91042,91,1088.0,778.0,129.0,297.0,328.0
91043,91,691.0,533.0,74.0,204.0,335.0
91044,91,2287.0,1490.0,175.0,813.0,768.0
91045,91,163.0,105.0,14.0,62.0,68.0
91046,91,159.0,124.0,22.0,68.0,42.0
91047,91,7138.0,5521.0,607.0,1947.0,3476.0
91048,91,739.0,559.0,61.0,283.0,223.0
91049,91,1850.0,1240.0,200.0,421.0,598.0
91050,91,4039.0,2910.0,308.0,1567.0,892.0
91051,91,717.0,588.0,39.0,388.0,300.0
91052,91,22721.0,17961.0,2078.0,8335.0,10310.0
91053,91,1165.0,870.0,131.0,384.0,457.0
91054,91,689.0,501.0,52.0,264.0,328.0
91055,91,6253.0,4097.0,584.0,2444.0,2010.0
91056,91,885.0,709.0,102.0,351.0,237.0
91057,91,1889.0,1459.0,147.0,908.0,495.0
91058,91,70.0,54.0,3.0,29.0,17.0
91059,91,53.0,37.0,5.0,24.0,22.0
91060,91,8052.0,5339.0,598.0,3351.0,3044.0
91061,91,2377.0,1724.0,268.0,560.0,716.0
91062,91,277.0,208.0,29.0,120.0,67.0
91063,91,9361.0,7155.0,1314.0,2146.0,2198.0
91064,91,44.0,36.0,4.0,15.0,21.0
91065,91,2608.0,1893.0,391.0,883.0,1042.0
91066,91,663.0,497.0,59.0,227.0,269.0
91067,91,62.0,51.0,5.0,20.0,15.0
91068,91,102.0,73.0,13.0,27.0,31.0
91069,91,162.0,133.0,10.0,79.0,61.0
91070,91,927.0,777.0,69.0,399.0,507.0
91071,91,338.0,233.0,45.0,154.0,128.0
91072,91,69.0,49.0,6.0,24.0,29.0
91073,91,913.0,668.0,115.0,294.0,440.0
91074,91,554.0,447.0,74.0,142.0,272.0
91075,91,70.0,59.0,8.0,29.0,18.0
91076,91,5375.0,3656.0,774.0,1668.0,1895.0
91077,91,1052.0,747.0,56.0,447.0,250.0
91078,91,448.0,369.0,52.0,171.0,215.0
91079,91,1438.0,1047.0,156.0,359.0,321.0
91080,91,266.0,197.0,30.0,136.0,86.0
91081,91,2907.0,2387.0,204.0,982.0,1587.0
91082,91,732.0,575.0,103.0,276.0,211.0
91083,91,179.0,140.0,20.0,75.0,83.0
91084,91,4680.0,3753.0,365.0,1867.0,1453.0
91085,91,1142.0,957.0,138.0,457.0,305.0
91086,91,10923.0,7824.0,1497.0,4557.0,4920.0
91087,91,8661.0,6227.0,976.0,3531.0,2269.0
91088,91,615.0,499.0,90.0,286.0,324.0
91089,91,157.0,119.0,13.0,77.0,43.0
91090,91,2879.0,2351.0,285.0,1209.0,737.0
91091,91,813.0,640.0,109.0,374.0,355.0
91092,91,430.0,356.0,49.0,146.0,200.0
91093,91,3272.0,2565.0,276.0,1630.0,1651.0
91094,91,1010.0,689.0,134.0,340.0,372.0
91095,91,3462.0,2932.0,255.0,1578.0,1870.0
91096,91,1576.0,1294.0,127.0,638.0,794.0
91097,91,8381.0,6099.0,560.0,2251.0,3912.0
91098,91,3002.0,2182.0,243.0,1372.0,1487.0
91099,91,127.0,100.0,18.0,34.0,47.0
92001,92,394.0,298.0,57.0,117.0,161.0
92002,92,1685.0,1172.0,196.0,499.0,593.0
92003,92,2681.0,1961.0,346.0,1119.0,1095.0
92004,92,184.0,140.0,15.0,65.0,50.0
92005,92,104.0,79.0,11.0,27.0,52.0
92006,92,7585.0,5795.0,386.0,2246.0,2755.0
92007,92,434.0,368.0,22.0,134.0,135.0
92008,92,4685.0,3065.0,342.0,1619.0,1172.0
92009,92,2644.0,1965.0,393.0,621.0,1042.0
92010,92,17.0,11.0,1.0,5.0,3.0
92011,92,161.0,121.0,21.0,71.0,58.0
92012,92,341.0,228.0,34.0,82.0,150.0
92013,92,861.0,724.0,69.0,437.0,294.0
92014,92,1785.0,1316.0,143.0,788.0,410.0
92015,92,288.0,224.0,34.0,136.0,109.0
92016,92,2510.0,1650.0,212.0,633.0,1101.0
92017,92,1560.0,1257.0,111.0,468.0,500.0
92018,92,3580.0,2328.0,464.0,975.0,1164.0
92019,92,116.0,88.0,10.0,51.0,55.0
92020,92,98.0,64.0,13.0,44.0,31.0
92021,92,2361.0,1705.0,239.0,866.0,1083.0
92022,92,320.0,215.0,26.0,105.0,99.0
92023,92,2660.0,2037.0,196.0,1127.0,1199.0
92024,92,1721.0,1338.0,215.0,416.0,894.0
92025,92,4637.0,3327.0,436.0,1836.0,2178.0
92026,92,178.0,119.0,21.0,42.0,67.0
92027,92,547.0,370.0,51.0,233.0,198.0
92028,92,95.0,80.0,4.0,36.0,32.0
92029,92,1481.0,1250.0,190.0,802.0,858.0
92030,92,455.0,352.0,66.0,196.0,134.0
92031,92,153.0,115.0,22.0,72.0,41.0
92032,92,64788.0,42883.0,8650.0,24824.0,27802.0
92033,92,37.0,24.0,3.0,8.0,12.0
92034,92,199.0,151.0,15.0,66.0,79.0
92035,92,4668.0,3947.0,437.0,1906.0,1320.0
92036,92,3260.0,2348.0,317.0,1473.0,773.0
92037,92,144.0,118.0,17.0,80.0,73.0
92038,92,825.0,600.0,43.0,280.0,260.0
92039,92,30.0,22.0,2.0,13.0,12.0
92040,92,16944.0,12357.0,1248.0,7883.0,4487.0
92041,92,280.0,196.0,28.0,104.0,108.0
92042,92,612.0,452.0,47.0,264.0,213.0
92043,92,2864.0,1878.0,329.0,1235.0,937.0
92044,92,686.0,487.0,75.0,197.0,270.0
92045,92,1789.0,1164.0,254.0,700.0,507.0
92046,92,110.0,89.0,8.0,61.0,31.0
92047,92,1815.0,1365.0,152.0,624.0,933.0
92048,92,269.0,177.0,27.0,69.0,92.0
92049,92,3678.0,2402.0,349.0,988.0,945.0
92050,92,3829.0,2588.0,242.0,865.0,1735.0
92051,92,470.0,386.0,51.0,240.0,119.0
92052,92,1420.0,1032.0,111.0,394.0,547.0
92053,92,2526.0,1950.0,207.0,1102.0,1205.0
92054,92,1961.0,1339.0,277.0,668.0,649.0
92055,92,6886.0,4991.0,440.0,2674.0,2527.0
92056,92,2648.0,1773.0,316.0,1033.0,713.0
92057,92,4489.0,3506.0,604.0,1801.0,2065.0
92058,92,384.0,269.0,44.0,88.0,133.0
92059,92,892.0,583.0,66.0,365.0,302.0
92060,92,1641.0,1297.0,90.0,453.0,510.0
92061,92,10432.0,8825.0,1267.0,2830.0,5847.0
92062,92,464.0,341.0,42.0,187.0,181.0
92063,92,2584.0,1709.0,270.0,1121.0,661.0
92064,92,22819.0,17453.0,2475.0,7258.0,5899.0
92065,92,955.0,635.0,99.0,429.0,195.0
92066,92,997.0,822.0,89.0,276.0,248.0
92067,92,261.0,170.0,20.0,115.0,69.0
92068,92,1366.0,977.0,126.0,465.0,682.0
92069,92,648.0,493.0,34.0,335.0,234.0
92070,92,54819.0,42327.0,4193.0,18559.0,28795.0
92071,92,3305.0,2303.0,243.0,1359.0,887.0
92072,92,666.0,562.0,91.0,248.0,324.0
92073,92,470.0,311.0,62.0,157.0,167.0
92074,92,635.0,519.0,87.0,201.0,311.0
92075,92,3784.0,3141.0,497.0,2007.0,2074.0
92076,92,363.0,262.0,34.0,135.0,183.0
92077,92,7773.0,6292.0,841.0,3682.0,2498.0
92078,92,3315.0,2695.0,291.0,1278.0,1601.0
92079,92,565.0,462.0,73.0,320.0,217.0
92080,92,1227.0,849.0,178.0,423.0,457.0
92081,92,603.0,404.0,66.0,272.0,167.0
92082,92,1897.0,1459.0,273.0,597.0,980.0
92083,92,842.0,609.0,79.0,262.0,259.0
92084,92,1107.0,812.0,143.0,556.0,426.0
92085,92,10154.0,7225.0,1406.0,3875.0,3087.0
92086,92,19690.0,16342.0,1125.0,5834.0,8589.0
92087,92,440.0,351.0,38.0,119.0,227.0
92088,92,32.0,24.0,4.0,9.0,16.0
92089,92,616.0,423.0,67.0,245.0,201.0
92090,92,1442.0,1021.0,112.0,338.0,621.0
92091,92,1526.0,1197.0,156.0,521.0,511.0
92092,92,1270.0,973.0,93.0,480.0,547.0
92093,92,1104.0,871.0,157.0,333.0,589.0
92094,92,241.0,185.0,24.0,127.0,62.0
92095,92,133.0,92.0,15.0,35.0,58.0
92096,92,3222.0,2203.0,193.0,1495.0,914.0
92097,92,618.0,504.0,63.0,180.0,348.0
92098,92,77.0,58.0,10.0,18.0,22.0
92099,92,880.0,639.0,93.0,434.0,236.0
93001,93,1394.0,1016.0,170.0,416.0,697.0
93002,93,139.0,100.0,15.0,50.0,31.0
93003,93,6477.0,4261.0,702.0,2584.0,2840.0
93004,93,3376.0,2645.0,286.0,1118.0,1372.0
93005,93,5902.0,4836.0,718.0,3304.0,1495.0
93006,93,16.0,11.0,2.0,5.0,7.0
93007,93,220.0,180.0,24.0,62.0,59.0
93008,93,1511.0,1171.0,172.0,701.0,594.0
93009,93,1316.0,935.0,149.0,289.0,507.0
93010,93,13318.0,10416.0,866.0,4092.0,5588.0
93011,93,7173.0,4781.0,622.0,2292.0,2215.0
93012,93,10286.0,7530.0,1308.0,5088.0,4775.0
93013,93,3663.0,2670.0,420.0,1689.0,1756.0
93014,93,8526.0,5772.0,856.0,2454.0,3870.0
93015,93,3916.0,3167.0,216.0,1176.0,1394.0
93016,93,3278.0,2459.0,377.0,786.0,1022.0
93017,93,421.0,321.0,47.0,98.0,217.0
93018,93,245.0,173.0,29.0,102.0,62.0
93019,93,25844.0,21215.0,3673.0,12014.0,10320.0
93020,93,668.0,494.0,44.0,212.0,294.0
93021,93,5234.0,4402.0,571.0,2870.0,1600.0
93022,93,724.0,494.0,60.0,164.0,182.0
93023,93,1055.0,778.0,56.0,255.0,451.0
93024,93,3217.0,2241.0,316.0,1271.0,969.0
93025,93,36749.0,28590.0,4470.0,10556.0,18536.0
93026,93,916.0,648.0,62.0,393.0,366.0
93027,93,56503.0,37179.0,5223.0,12315.0,13244.0
93028,93,955.0,664.0,139.0,311.0,435.0
93029,93,219.0,147.0,32.0,98.0,55.0
93030,93,1690.0,1170.0,225.0,391.0,517.0
93031,93,649.0,526.0,72.0,254.0,366.0
93032,93,451.0,335.0,33.0,130.0,153.0
93033,93,152.0,102.0,15.0,56.0,62.0
93034,93,1810.0,1528.0,99.0,527.0,651.0
93035,93,158.0,104.0,15.0,45.0,45.0
93036,93,893.0,632.0,106.0,247.0,422.0
93037,93,106.0,87.0,12.0,47.0,35.0
93038,93,117.0,82.0,13.0,54.0,38.0
93039,93,2483.0,2053.0,176.0,1000.0,1058.0
93040,93,414.0,316.0,32.0,174.0,162.0
93041,93,12574.0,10517.0,1190.0,4863.0,5536.0
93042,93,2738.0,1836.0,306.0,914.0,1174.0
93043,93,6189.0,4181.0,716.0,2770.0,2791.0
93044,93,83.0,56.0,12.0,18.0,21.0
93045,93,1938.0,1289.0,275.0,568.0,712.0
93046,93,370.0,276.0,29.0,138.0,167.0
93047,93,499.0,410.0,29.0,141.0,141.0
93048,93,173.0,140.0,23.0,46.0,67.0
93049,93,2265.0,1796.0,188.0,698.0,1061.0
93050,93,696.0,585.0,65.0,359.0,278.0
93051,93,16.0,12.0,1.0,7.0,8.0
93052,93,80.0,62.0,5.0,26.0,28.0
93053,93,3271.0,2370.0,471.0,1524.0,1097.0
93054,93,948.0,714.0,84.0,480.0,454.0
93055,93,2699.0,1779.0,247.0,1217.0,1168.0
93056,93,297.0,227.0,36.0,99.0,157.0
93057,93,77.0,60.0,5.0,30.0,23.0
93058,93,2173.0,1454.0,165.0,607.0,840.0
93059,93,819.0,693.0,55.0,277.0,452.0
93060,93,12471.0,10505.0,1212.0,3433.0,5974.0
93061,93,258.0,180.0,31.0,65.0,55.0
93062,93,5513.0,3885.0,635.0,1441.0,1453.0
93063,93,7151.0,5040.0,1018.0,3231.0,1895.0
93064,93,2574.0,1861.0,155.0,684.0,1294.0
93065,93,5546.0,4452.0,599.0,2858.0,1529.0
93066,93,2690.0,2125.0,224.0,1433.0,853.0
93067,93,615.0,521.0,60.0,255.0,325.0
93068,93,607.0,488.0,70.0,249.0,168.0
93069,93,548.0,383.0,44.0,252.0,215.0
93070,93,12676.0,10158.0,1688.0,4065.0,3334.0
93071,93,3515.0,2917.0,295.0,1711.0,1223.0
93072,93,1682.0,1210.0,89.0,515.0,644.0
93073,93,420.0,337.0,23.0,207.0,117.0
93074,93,933.0,781.0,105.0,275.0,387.0
93075,93,1761.0,1278.0,148.0,568.0,484.0
93076,93,837.0,648.0,53.0,324.0,433.0
93077,93,557.0,368.0,57.0,205.0,161.0
93078,93,81.0,68.0,4.0,21.0,38.0
93079,93,6712.0,4685.0,729.0,2191.0,2467.0
93080,93,103.0,78.0,12.0,46.0,33.0
93081,93,6755.0,5555.0,768.0,3774.0,2208.0
93082,93,321.0,225.0,46.0,130.0,87.0
93083,93,2701.0,1764.0,207.0,777.0,1206.0
93084,93,1711.0,1131.0,180.0,533.0,526.0
93085,93,9851.0,6971.0,724.0,4497.0,4404.0
93086,93,834.0,633.0,77.0,298.0,400.0
93087,93,8629.0,7177.0,1197.0,4283.0,2686.0
93088,93,3447.0,2284.0,172.0,1142.0,1166.0
93089,93,2636.0,1773.0,355.0,729.0,1185.0
93090,93,808.0,680.0,70.0,404.0,300.0
93091,93,1239.0,849.0,101.0,285.0,372.0
93092,93,4344.0,3664.0,579.0,1396.0,2061.0
93093,93,5643.0,4073.0,679.0,2296.0,2215.0
93094,93,407.0,266.0,23.0,127.0,149.0
93095,93,469.0,367.0,25.0,151.0,245.0
93096,93,391.0,310.0,39.0,97.0,146.0
93097,93,167597.0,131513.0,13490.0,59345.0,39823.0
93098,93,1753.0,1222.0,211.0,507.0,407.0
93099,93,66.0,52.0,8.0,27.0,16.0
94001,94,328.0,225.0,20.0,135.0,114.0
94002,94,1369.0,921.0,95.0,537.0,576.0
94003,94,4499.0,3557.0,556.0,2092.0,2263.0
94004,94,520.0,411.0,26.0,190.0,252.0
94005,94,610.0,502.0,54.0,349.0,341.0
94006,94,472.0,308.0,37.0,130.0,177.0
94007,94,513.0,380.0,66.0,257.0,176.0
94008,94,222.0,152.0,18.0,94.0,74.0
94009,94,4088.0,3110.0,599.0,1984.0,2031.0
94010,94,903.0,635.0,122.0,365.0,421.0
94011,94,369.0,240.0,36.0,119.0,152.0
94012,94,3940.0,2819.0,256.0,1054.0,1630.0
94013,94,693.0,496.0,83.0,338.0,280.0
94014,94,803.0,631.0,42.0,371.0,292.0
94015,94,963.0,653.0,115.0,430.0,290.0
94016,94,8624.0,5850.0,1165.0,1878.0,1819.0
94017,94,260.0,175.0,24.0,88.0,89.0
94018,94,511.0,385.0,56.0,211.0,120.0
94019,94,2119.0,1379.0,268.0,790.0,667.0
94020,94,60.0,42.0,8.0,17.0,18.0
94021,94,365.0,267.0,52.0,119.0,166.0
94022,94,196.0,140.0,15.0,76.0,89.0
94023,94,348.0,282.0,23.0,91.0,125.0
94024,94,1741.0,1206.0,204.0,692.0,694.0
94025,94,11720.0,9297.0,1399.0,4372.0,5914.0
94026,94,1181.0,884.0,107.0,356.0,277.0
94027,94,852.0,631.0,83.0,363.0,301.0
94028,94,34775.0,26822.0,4184.0,17337.0,16313.0
94029,94,12415.0,8525.0,1318.0,5212.0,3791.0
94030,94,1845.0,1252.0,239.0,464.0,636.0
94031,94,1433.0,1129.0,165.0,550.0,719.0
94032,94,136.0,103.0,11.0,50.0,58.0
94033,94,627.0,456.0,72.0,189.0,173.0
94034,94,1139.0,843.0,148.0,426.0,272.0
94035,94,2480.0,1882.0,243.0,1079.0,954.0
94036,94,67.0,53.0,9.0,28.0,22.0
94037,94,2843.0,2014.0,366.0,981.0,932.0
94038,94,329.0,271.0,32.0,124.0,94.0
94039,94,206.0,174.0,24.0,75.0,116.0
94040,94,3193.0,2645.0,215.0,1426.0,1836.0
94041,94,18346.0,13533.0,2072.0,4447.0,5073.0
94042,94,9704.0,8005.0,1209.0,3578.0,4857.0
94043,94,914.0,737.0,72.0,501.0,514.0
94044,94,121.0,85.0,15.0,40.0,30.0
94045,94,427.0,348.0,33.0,204.0,210.0
94046,94,15537.0,10783.0,1186.0,3424.0,3483.0
94047,94,593.0,477.0,43.0,300.0,256.0
94048,94,1242.0,1010.0,118.0,350.0,570.0
94049,94,12364.0,9818.0,1276.0,6043.0,3597.0
94050,94,903.0,749.0,55.0,459.0,340.0
94051,94,188.0,148.0,21.0,66.0,75.0
94052,94,955.0,718.0,121.0,474.0,282.0
94053,94,3500.0,2421.0,462.0,1278.0,1318.0
94054,94,246.0,192.0,24.0,74.0,96.0
94055,94,3252.0,2151.0,224.0,1449.0,969.0
94056,94,3405.0,2520.0,475.0,1573.0,865.0
94057,94,868.0,672.0,109.0,245.0,379.0
94058,94,910.0,771.0,98.0,505.0,369.0
94059,94,195.0,136.0,9.0,66.0,63.0
94060,94,481.0,350.0,56.0,211.0,162.0
94061,94,198.0,159.0,22.0,73.0,80.0
94062,94,87.0,58.0,11.0,20.0,36.0
94063,94,504.0,360.0,33.0,226.0,228.0
94064,94,2254.0,1844.0,206.0,911.0,933.0
94065,94,539.0,381.0,70.0,205.0,161.0
94066,94,1636.0,1065.0,157.0,420.0,580.0
94067,94,945.0,775.0,109.0,235.0,321.0
94068,94,531.0,447.0,55.0,181.0,278.0
94069,94,1766.0,1468.0,147.0,600.0,764.0
94070,94,480.0,319.0,63.0,199.0,167.0
94071,94,2957.0,2055.0,405.0,1165.0,725.0
94072,94,7353.0,5727.0,611.0,3546.0,3520.0
94073,94,1703.0,1390.0,217.0,611.0,697.0
94074,94,4301.0,3254.0,415.0,1280.0,1265.0
94075,94,1185.0,778.0,107.0,518.0,509.0
94076,94,3860.0,3236.0,281.0,1368.0,1130.0
94077,94,571.0,461.0,29.0,300.0,322.0
94078,94,2893.0,2021.0,329.0,1214.0,1311.0
94079,94,1317.0,1059.0,106.0,545.0,430.0
94080,94,1178.0,992.0,151.0,523.0,491.0
94081,94,924.0,719.0,74.0,455.0,494.0
94082,94,698.0,553.0,76.0,372.0,301.0
94083,94,116.0,78.0,14.0,46.0,38.0
94084,94,2343.0,1646.0,152.0,641.0,532.0
94085,94,1794.0,1177.0,112.0,823.0,577.0
94086,94,2474.0,1995.0,302.0,1174.0,1209.0
94087,94,400.0,315.0,46.0,123.0,103.0
94088,94,402.0,261.0,43.0,133.0,133.0
94089,94,2733.0,2224.0,299.0,1194.0,1051.0
94090,94,3464.0,2386.0,321.0,1345.0,1503.0
94091,94,573.0,415.0,31.0,200.0,283.0
94092,94,360.0,302.0,50.0,152.0,153.0
94093,94,468.0,377.0,32.0,221.0,175.0
94094,94,703.0,531.0,51.0,170.0,297.0
94095,94,469.0,310.0,35.0,115.0,188.0
94096,94,15.0,12.0,1.0,6.0,4.0
94097,94,971.0,824.0,73.0,248.0,380.0
94098,94,7713.0,5717.0,760.0,3628.0,2932.0
94099,94,4935.0,3774.0,598.0,1371.0,1812.0
95001,95,1364.0,1049.0,84.0,353.0,709.0
95002,95,5664.0,3751.0,340.0,1241.0,1429.0
95003,95,942.0,792.0,72.0,375.0,389.0
95004,95,995.0,731.0,127.0,481.0,409.0
95005,95,568.0,383.0,52.0,267.0,119.0
95006,95,25998.0,20557.0,2781.0,12134.0,12645.0
95007,95,477.0,402.0,71.0,250.0,210.0
95008,95,193.0,143.0,28.0,65.0,79.0
95009,95,765.0,589.0,85.0,327.0,233.0
95010,95,373.0,256.0,39.0,82.0,150.0
95011,95,884.0,731.0,56.0,415.0,409.0
95012,95,146.0,122.0,19.0,71.0,84.0
95013,95,3854.0,2518.0,250.0,1232.0,851.0
95014,95,310.0,217.0,29.0,84.0,78.0
95015,95,31595.0,24537.0,2770.0,7409.0,15948.0
95016,95,1932.0,1303.0,279.0,436.0,743.0
95017,95,902.0,732.0,122.0,387.0,310.0
95018,95,353.0,278.0,18.0,156.0,144.0
95019,95,2215.0,1611.0,325.0,1016.0,1124.0
95020,95,99.0,78.0,8.0,46.0,40.0
95021,95,956.0,647.0,74.0,217.0,430.0
95022,95,10208.0,7270.0,1520.0,3922.0,4555.0
95023,95,247.0,206.0,16.0,135.0,66.0
95024,95,394.0,287.0,24.0,178.0,122.0
95025,95,3353.0,2669.0,287.0,1690.0,1297.0
95026,95,1721.0,1184.0,251.0,616.0,667.0
95027,95,123.0,104.0,7.0,63.0,71.0
95028,95,11513.0,8701.0,1099.0,5774.0,3394.0
95029,95,128.0,89.0,9.0,60.0,39.0
95030,95,374.0,309.0,36.0,101.0,142.0
95031,95,227.0,186.0,12.0,99.0,123.0
95032,95,108.0,88.0,12.0,56.0,49.0
95033,95,147.0,124.0,12.0,37.0,60.0
95034,95,3240.0,2620.0,376.0,1596.0,1390.0
95035,95,251.0,194.0,22.0,115.0,88.0
95036,95,3443.0,2570.0,493.0,1052.0,987.0
95037,95,284.0,230.0,34.0,85.0,150.0
95038,95,308.0,239.0,21.0,109.0,167.0
95039,95,689.0,547.0,77.0,284.0,310.0
95040,95,185.0,155.0,26.0,108.0,77.0
95041,95,9072.0,6522.0,836.0,4382.0,3669.0
95042,95,4879.0,3763.0,490.0,1566.0,2500.0
95043,95,2652.0,2037.0,218.0,789.0,718.0
95044,95,3590.0,2546.0,319.0,1067.0,1612.0
95045,95,23916.0,19210.0,2057.0,6864.0,10669.0
95046,95,221.0,161.0,11.0,83.0,51.0
95047,95,498.0,379.0,64.0,251.0,219.0
95048,95,36.0,24.0,1.0,14.0,16.0
95049,95,63673.0,48158.0,8591.0,23444.0,31178.0
95050,95,299.0,235.0,31.0,98.0,160.0
95051,95,4778.0,3215.0,337.0,1837.0,1176.0
95052,95,5472.0,4099.0,790.0,2519.0,2263.0
95053,95,132.0,91.0,11.0,33.0,51.0
95054,95,245.0,182.0,24.0,100.0,117.0
95055,95,154.0,121.0,19.0,70.0,36.0
95056,95,5103.0,4309.0,446.0,2072.0,2484.0
95057,95,720.0,500.0,55.0,231.0,189.0
95058,95,103.0,74.0,6.0,44.0,33.0
95059,95,2153.0,1718.0,317.0,1176.0,1010.0
95060,95,13855.0,11678.0,1340.0,5306.0,3530.0
95061,95,2292.0,1667.0,249.0,587.0,524.0
95062,95,10797.0,7674.0,1316.0,4742.0,4605.0
95063,95,202.0,139.0,27.0,43.0,90.0
95064,95,518.0,338.0,28.0,188.0,178.0
95065,95,218.0,159.0,22.0,84.0,58.0
95066,95,13388.0,10812.0,1042.0,7189.0,6318.0
95067,95,1245.0,834.0,182.0,429.0,537.0
95068,95,4428.0,2989.0,547.0,1051.0,1390.0
95069,95,681.0,460.0,55.0,227.0,243.0
95070,95,233.0,196.0,16.0,83.0,121.0
95071,95,3846.0,3075.0,510.0,1416.0,1381.0
95072,95,90.0,71.0,11.0,43.0,44.0
95073,95,2012.0,1353.0,181.0,737.0,851.0
95074,95,911.0,654.0,117.0,343.0,456.0
95075,95,187.0,133.0,19.0,70.0,68.0
95076,95,7976.0,5953.0,985.0,4094.0,2958.0
95077,95,7284.0,5234.0,792.0,3001.0,2834.0
95078,95,159.0,108.0,9.0,60.0,36.0
95079,95,12984.0,8768.0,1474.0,4784.0,4146.0
95080,95,322.0,233.0,16.0,118.0,127.0
95081,95,776.0,553.0,66.0,290.0,323.0
95082,95,53.0,44.0,6.0,14.0,27.0
95083,95,116.0,85.0,14.0,50.0,33.0
95084,95,705.0,571.0,78.0,313.0,392.0
95085,95,2274.0,1834.0,207.0,573.0,666.0
95086,95,13413.0,9081.0,701.0,5761.0,6346.0
95087,95,1063.0,749.0,112.0,418.0,412.0
95088,95,291.0,225.0,41.0,137.0,112.0
95089,95,4085.0,2689.0,507.0,1176.0,1058.0
95090,95,1015.0,674.0,114.0,243.0,305.0
95091,95,137.0,115.0,7.0,51.0,37.0
95092,95,1644.0,1258.0,160.0,854.0,809.0
95093,95,944.0,729.0,126.0,313.0,424.0
95094,95,150.0,119.0,7.0,68.0,40.0
95095,95,153.0,109.0,21.0,61.0,74.0
95096,95,774.0,560.0,83.0,224.0,283.0
95097,95,2941.0,2334.0,359.0,1250.0,895.0
95098,95,226.0,181.0,18.0,121.0,92.0
95099,95,1505.0,1249.0,168.0,707.0,823.0
02001,02,143.0,112.0,8.0,47.0,56.0
02002,02,443.0,337.0,58.0,199.0,142.0
02003,02,225.0,188.0,27.0,113.0,107.0
02004,02,2649.0,1882.0,222.0,1187.0,588.0
02005,02,5778.0,4708.0,368.0,1764.0,1897.0
02006,02,576.0,386.0,54.0,203.0,138.0
02007,02,2020.0,1602.0,242.0,686.0,603.0
02008,02,4143.0,3106.0,541.0,1240.0,1828.0
02009,02,1075.0,894.0,68.0,570.0,428.0
02010,02,861.0,697.0,126.0,399.0,277.0
02011,02,272.0,226.0,30.0,116.0,147.0
02012,02,961.0,656.0,58.0,412.0,359.0
02013,02,35.0,27.0,3.0,9.0,13.0
02014,02,134.0,104.0,19.0,64.0,61.0
02015,02,2840.0,2232.0,236.0,1081.0,1516.0
02016,02,486.0,338.0,56.0,227.0,186.0
02017,02,752.0,607.0,53.0,190.0,233.0
02018,02,2413.0,1822.0,295.0,900.0,847.0
02019,02,345.0,274.0,48.0,128.0,96.0
02020,02,2187.0,1432.0,283.0,892.0,925.0
02021,02,29.0,21.0,3.0,13.0,13.0
02022,02,78.0,59.0,10.0,25.0,24.0
02023,02,1653.0,1247.0,162.0,620.0,515.0
02024,02,253.0,173.0,14.0,54.0,82.0
02025,02,3940.0,3224.0,302.0,1533.0,1358.0
02026,02,2899.0,2003.0,195.0,1224.0,913.0
02027,02,1565.0,1121.0,106.0,473.0,449.0
02028,02,25782.0,20365.0,3284.0,8798.0,10521.0
02029,02,1370.0,1026.0,152.0,641.0,378.0
02030,02,1198.0,864.0,70.0,544.0,602.0
02031,02,133.0,107.0,13.0,57.0,36.0
02032,02,154.0,121.0,22.0,57.0,51.0
02033,02,2053.0,1600.0,175.0,527.0,1078.0
02034,02,87189.0,67860.0,6286.0,37562.0,28816.0
02035,02,4011.0,2646.0,331.0,1010.0,1044.0
02036,02,1666.0,1394.0,146.0,623.0,593.0
02037,02,835.0,683.0,97.0,444.0,317.0
02038,02,847.0,553.0,112.0,251.0,276.0
02039,02,480.0,317.0,55.0,129.0,192.0
02040,02,407.0,300.0,40.0,119.0,170.0
02041,02,901.0,713.0,71.0,370.0,492.0
02042,02,7514.0,4928.0,1055.0,2977.0,1785.0
02043,02,63326.0,46598.0,6214.0,15112.0,31335.0
02044,02,1262.0,1011.0,95.0,507.0,593.0
02045,02,297.0,197.0,43.0,62.0,122.0
02046,02,2035.0,1604.0,242.0,811.0,870.0
02047,02,185.0,134.0,12.0,77.0,90.0
02048,02,188.0,153.0,23.0,81.0,101.0
02049,02,173.0,132.0,14.0,83.0,62.0
02050,02,481.0,349.0,59.0,210.0,113.0
02051,02,3188.0,2434.0,360.0,1367.0,1294.0
02052,02,282.0,196.0,41.0,122.0,81.0
02053,02,1477.0,1242.0,109.0,448.0,715.0
02054,02,13496.0,10060.0,1353.0,4580.0,6482.0
02055,02,407.0,298.0,49.0,109.0,107.0
02056,02,10641.0,7787.0,822.0,3288.0,2960.0
02057,02,2245.0,1694.0,140.0,827.0,752.0
02058,02,110.0,79.0,14.0,39.0,28.0
02059,02,397.0,312.0,27.0,136.0,168.0
02060,02,113.0,81.0,6.0,43.0,25.0
02061,02,1259.0,890.0,155.0,519.0,461.0
02062,02,168.0,135.0,21.0,81.0,42.0
02063,02,1780.0,1262.0,223.0,569.0,537.0
02064,02,1255.0,895.0,117.0,561.0,378.0
02065,02,148.0,99.0,15.0,40.0,67.0
02066,02,5619.0,3910.0,570.0,2432.0,2554.0
02067,02,2834.0,2055.0,240.0,649.0,1223.0
02068,02,166.0,126.0,14.0,78.0,61.0
02069,02,2877.0,1924.0,388.0,1002.0,834.0
02070,02,502.0,394.0,70.0,225.0,207.0
02071,02,6158.0,4983.0,344.0,3327.0,1907.0
02072,02,332.0,216.0,25.0,93.0,129.0
02073,02,437.0,335.0,55.0,188.0,162.0
02074,02,847.0,613.0,117.0,255.0,191.0
02075,02,4069.0,2698.0,418.0,1821.0,820.0
02076,02,1785.0,1455.0,224.0,687.0,797.0
02077,02,1396.0,985.0,163.0,645.0,500.0
02078,02,5088.0,4060.0,518.0,2678.0,2650.0
02079,02,322.0,256.0,41.0,174.0,132.0
02080,02,281.0,230.0,19.0,72.0,92.0
02081,02,107.0,83.0,7.0,36.0,26.0
02082,02,10973.0,9214.0,800.0,4761.0,4740.0
02083,02,493.0,398.0,25.0,174.0,238.0
02084,02,751.0,557.0,65.0,310.0,268.0
02085,02,182.0,142.0,17.0,78.0,79.0
02086,02,4805.0,3280.0,619.0,1719.0,1463.0
02087,02,2046.0,1603.0,103.0,755.0,922.0
02088,02,3725.0,2947.0,550.0,1069.0,1848.0
02089,02,1223.0,902.0,75.0,470.0,295.0
02090,02,2094.0,1524.0,253.0,918.0,821.0
02091,02,1477.0,1031.0,208.0,515.0,448.0
02092,02,107.0,88.0,15.0,56.0,55.0
02093,02,1175.0,850.0,158.0,472.0,568.0
02094,02,351.0,278.0,30.0,146.0,172.0
02095,02,19064.0,12464.0,1002.0,7978.0,7872.0
02096,02,21516.0,15725.0,1080.0,6354.0,10523.0
02097,02,811.0,604.0,50.0,218.0,289.0
02098,02,20096.0,16049.0,1574.0,5583.0,9295.0
02099,02,828.0,607.0,96.0,398.0,419.0
59001,59,3399.0,2400.0,494.0,1334.0,1013.0
59002,59,433.0,284.0,33.0,188.0,105.0
59003,59,4477.0,3169.0,373.0,1883.0,1415.0
59004,59,17427.0,14065.0,1195.0,6373.0,8985.0
59005,59,2114.0,1777.0,148.0,567.0,596.0
59006,59,1127.0,840.0,163.0,409.0,533.0
59007,59,3537.0,2743.0,352.0,1837.0,1592.0
59008,59,1385.0,1088.0,103.0,429.0,588.0
59009,59,25504.0,18699.0,1424.0,6374.0,7668.0
59010,59,621.0,404.0,59.0,136.0,259.0
59011,59,53648.0,37979.0,4930.0,21537.0,23539.0
59012,59,295.0,213.0,25.0,91.0,64.0
59013,59,615.0,480.0,47.0,320.0,319.0
59014,59,110.0,79.0,10.0,48.0,46.0
59015,59,1259.0,928.0,159.0,526.0,316.0
59016,59,1386.0,970.0,153.0,565.0,570.0
59017,59,13037.0,11061.0,1295.0,5908.0,5935.0
59018,59,165.0,108.0,18.0,71.0,73.0
59019,59,30708.0,22332.0,4260.0,13326.0,7733.0
59020,59,1092.0,886.0,108.0,380.0,459.0
59021,59,12434.0,9011.0,1247.0,6030.0,4151.0
59022,59,2428.0,1815.0,326.0,726.0,1125.0
59023,59,1728.0,1337.0,256.0,861.0,575.0
59024,59,488.0,321.0,60.0,134.0,183.0
59025,59,943.0,619.0,68.0,300.0,212.0
59026,59,31281.0,21292.0,2293.0,12493.0,8881.0
59027,59,34255.0,22871.0,4390.0,11054.0,9713.0
59028,59,1715.0,1349.0,213.0,848.0,619.0
59029,59,15907.0,11012.0,2371.0,5993.0,6992.0
59030,59,30636.0,21631.0,3986.0,8602.0,14493.0
59031,59,4779.0,3642.0,294.0,2098.0,1458.0
59032,59,1074.0,800.0,96.0,484.0,263.0
59033,59,562.0,369.0,33.0,130.0,211.0
59034,59,383.0,249.0,37.0,98.0,81.0
59035,59,3772.0,2891.0,296.0,1593.0,1789.0
59036,59,9.0,7.0,0.0,2.0,4.0
59037,59,1089.0,774.0,156.0,263.0,340.0
59038,59,4197.0,3375.0,320.0,1336.0,2095.0
59039,59,306.0,248.0,23.0,147.0,130.0
59040,59,9338.0,6746.0,798.0,3634.0,3498.0
59041,59,79.0,59.0,7.0,19.0,20.0
59042,59,242.0,188.0,22.0,120.0,79.0
59043,59,4463.0,2952.0,664.0,1246.0,1443.0
59044,59,2867.0,1977.0,146.0,1366.0,822.0
59045,59,309.0,225.0,32.0,101.0,141.0
59046,59,470.0,353.0,38.0,186.0,212.0
59047,59,459.0,326.0,57.0,173.0,227.0
59048,59,1639.0,1099.0,109.0,371.0,479.0
59049,59,14536.0,11275.0,1689.0,5585.0,7726.0
59050,59,820.0,569.0,64.0,298.0,384.0
59051,59,2088.0,1511.0,288.0,658.0,726.0
59052,59,3453.0,2425.0,442.0,925.0,1181.0
59053,59,1047.0,821.0,144.0,387.0,495.0
59054,59,3112.0,2139.0,350.0,680.0,835.0
59055,59,854.0,628.0,96.0,416.0,395.0
59056,59,6531.0,4251.0,765.0,2644.0,1893.0
59057,59,823.0,546.0,78.0,293.0,289.0
59058,59,20969.0,16053.0,2126.0,8394.0,7535.0
59059,59,1599.0,1227.0,195.0,418.0,453.0
59060,59,359.0,276.0,49.0,140.0,180.0
59061,59,3373.0,2304.0,351.0,891.0,1173.0
59062,59,2343.0,1576.0,250.0,962.0,883.0
59063,59,1441.0,1213.0,76.0,556.0,450.0
59064,59,696.0,487.0,46.0,177.0,299.0
59065,59,1633.0,1282.0,219.0,404.0,755.0
59066,59,745.0,524.0,41.0,358.0,243.0
59067,59,2221.0,1882.0,169.0,714.0,775.0
59068,59,1258.0,959.0,140.0,632.0,325.0
59069,59,83.0,61.0,8.0,31.0,36.0
59070,59,242.0,196.0,15.0,100.0,92.0
59071,59,359.0,305.0,48.0,170.0,197.0
59072,59,1345.0,997.0,156.0,622.0,370.0
59073,59,3345.0,2828.0,311.0,1410.0,1644.0
59074,59,203.0,140.0,26.0,80.0,78.0
59075,59,196.0,132.0,20.0,74.0,64.0
59076,59,1189.0,855.0,145.0,534.0,569.0
59077,59,772.0,513.0,79.0,347.0,201.0
59078,59,2564.0,1832.0,140.0,1058.0,826.0
59079,59,1324.0,971.0,179.0,395.0,472.0
59080,59,4952.0,3261.0,430.0,1662.0,1213.0
59081,59,4906.0,3902.0,610.0,1768.0,1828.0
59082,59,9081.0,7268.0,1067.0,2194.0,2240.0
59083,59,493.0,416.0,28.0,183.0,283.0
59084,59,2711.0,2210.0,237.0,1473.0,1246.0
59085,59,615.0,479.0,48.0,218.0,307.0
59086,59,6244.0,4627.0,465.0,2813.0,2496.0
59087,59,1998.0,1660.0,134.0,928.0,777.0
59088,59,329.0,225.0,41.0,128.0,74.0
59089,59,7707.0,6065.0,577.0,4125.0,3824.0
59090,59,67.0,51.0,6.0,18.0,19.0
59091,59,19511.0,14873.0,2593.0,4978.0,7653.0
59092,59,940.0,760.0,92.0,397.0,513.0
59093,59,10746.0,7910.0,738.0,2529.0,3999.0
59094,59,1126.0,785.0,160.0,263.0,547.0
59095,59,1604.0,1235.0,151.0,846.0,688.0
59096,59,4718.0,3987.0,498.0,1434.0,1358.0
59097,59,2049.0,1704.0,116.0,966.0,774.0
59098,59,1078.0,913.0,112.0,566.0,511.0
59099,59,332.0,224.0,26.0,79.0,109.0
60001,60,1220.0,851.0,62.0,354.0,522.0
60002,60,8986.0,6091.0,1306.0,2335.0,3872.0
60003,60,2320.0,1570.0,121.0,1049.0,941.0
60004,60,482.0,324.0,41.0,111.0,214.0
60005,60,7508.0,5213.0,561.0,2379.0,1736.0
60006,60,625.0,423.0,41.0,249.0,129.0
60007,60,9284.0,7317.0,704.0,2219.0,4600.0
60008,60,1829.0,1257.0,178.0,714.0,705.0
60009,60,908.0,711.0,136.0,234.0,481.0
60010,60,742.0,574.0,79.0,249.0,273.0
60011,60,26157.0,19192.0,3072.0,5830.0,9639.0
60012,60,2607.0,1897.0,240.0,876.0,800.0
60013,60,1318.0,947.0,81.0,445.0,573.0
60014,60,2528.0,1840.0,309.0,842.0,673.0
60015,60,424.0,342.0,44.0,145.0,117.0
60016,60,152.0,112.0,12.0,75.0,75.0
60017,60,5538.0,4333.0,667.0,1475.0,2000.0
60018,60,658.0,532.0,42.0,274.0,364.0
60019,60,33784.0,26561.0,3257.0,8956.0,16768.0
60020,60,46.0,33.0,4.0,17.0,12.0
60021,60,103.0,73.0,7.0,35.0,32.0
60022,60,6444.0,4587.0,959.0,2185.0,1600.0
60023,60,730.0,477.0,81.0,298.0,285.0
60024,60,349.0,289.0,50.0,89.0,89.0
60025,60,3105.0,2215.0,199.0,1073.0,1493.0
60026,60,43.0,27.0,3.0,10.0,12.0
60027,60,2819.0,1879.0,392.0,983.0,1069.0
60028,60,86434.0,57767.0,7703.0,17920.0,38183.0
60029,60,603.0,399.0,46.0,195.0,267.0
60030,60,286.0,224.0,40.0,98.0,156.0
60031,60,858.0,591.0,43.0,362.0,200.0
60032,60,8481.0,5651.0,637.0,3050.0,2200.0
60033,60,2226.0,1741.0,195.0,651.0,927.0
60034,60,5719.0,4493.0,400.0,1807.0,1484.0
60035,60,513.0,415.0,73.0,258.0,244.0
60036,60,764.0,529.0,83.0,322.0,273.0
60037,60,293.0,218.0,43.0,119.0,65.0
60038,60,976.0,803.0,88.0,471.0,241.0
60039,60,436.0,369.0,50.0,171.0,207.0
60040,60,10986.0,7435.0,1409.0,3096.0,4432.0
60041,60,1835.0,1382.0,240.0,937.0,655.0
60042,60,553.0,434.0,31.0,217.0,236.0
60043,60,130.0,102.0,18.0,61.0,62.0
60044,60,955.0,778.0,92.0,436.0,440.0
60045,60,1833.0,1519.0,235.0,688.0,753.0
60046,60,1583.0,1312.0,94.0,816.0,689.0
60047,60,23.0,17.0,1.0,8.0,10.0
60048,60,7603.0,5037.0,990.0,2299.0,2390.0
60049,60,3075.0,2175.0,391.0,1477.0,834.0
60050,60,706.0,557.0,83.0,184.0,314.0
60051,60,1207.0,911.0,154.0,434.0,558.0
60052,60,168.0,127.0,11.0,39.0,85.0
60053,60,11328.0,8265.0,1026.0,4329.0,3075.0
60054,60,60762.0,40374.0,4495.0,25198.0,27514.0
60055,60,97.0,63.0,14.0,27.0,41.0
60056,60,598.0,425.0,65.0,153.0,289.0
60057,60,92.0,71.0,7.0,38.0,21.0
60058,60,1316.0,935.0,135.0,378.0,374.0
60059,60,6291.0,5025.0,371.0,2213.0,1521.0
60060,60,155.0,112.0,14.0,68.0,50.0
60061,60,154.0,121.0,13.0,49.0,66.0
60062,60,20053.0,14759.0,2902.0,8892.0,7378.0
60063,60,182.0,142.0,20.0,49.0,79.0
60064,60,776.0,588.0,114.0,186.0,238.0
60065,60,11778.0,9869.0,1274.0,4197.0,3733.0
60066,60,116.0,94.0,14.0,40.0,49.0
60067,60,482.0,391.0,33.0,219.0,145.0
60068,60,42916.0,30529.0,5424.0,20902.0,20538.0
60069,60,1826.0,1299.0,154.0,901.0,809.0
60070,60,5145.0,3438.0,489.0,2172.0,1225.0
60071,60,6867.0,5328.0,574.0,2426.0,2691.0
60072,60,4272.0,3077.0,385.0,1221.0,1358.0
60073,60,1959.0,1284.0,139.0,598.0,461.0
60074,60,527.0,406.0,59.0,154.0,146.0
60075,60,137.0,94.0,15.0,54.0,45.0
60076,60,5192.0,4089.0,504.0,1569.0,1876.0
60077,60,628.0,429.0,71.0,168.0,281.0
60078,60,466.0,394.0,43.0,275.0,203.0
60079,60,1560.0,1258.0,214.0,455.0,836.0
60080,60,8825.0,6405.0,1321.0,4119.0,2125.0
60081,60,26590.0,19346.0,1715.0,10009.0,12095.0
60082,60,7052.0,4784.0,582.0,2551.0,2200.0
60083,60,570.0,385.0,59.0,118.0,267.0
60084,60,3378.0,2660.0,457.0,1386.0,1462.0
60085,60,502.0,327.0,58.0,194.0,137.0
60086,60,4032.0,3220.0,545.0,2217.0,1673.0
60087,60,1717.0,1261.0,207.0,730.0,869.0
60088,60,868.0,629.0,66.0,425.0,193.0
60089,60,17720.0,13318.0,1561.0,4601.0,6748.0
60090,60,1522.0,1101.0,120.0,748.0,368.0
60091,60,1258.0,910.0,95.0,375.0,522.0
60092,60,102.0,69.0,10.0,48.0,25.0
60093,60,65.0,42.0,5.0,29.0,18.0
60094,60,25.0,20.0,1.0,11.0,10.0
60095,60,14027.0,9775.0,1610.0,5440.0,3260.0
60096,60,649.0,493.0,43.0,230.0,207.0
60097,60,741.0,623.0,65.0,217.0,258.0
60098,60,396.0,267.0,52.0,181.0,110.0
60099,60,1864.0,1249.0,175.0,566.0,841.0
62001,62,2227.0,1838.0,199.0,666.0,630.0
62002,62,1281.0,1052.0,147.0,569.0,665.0
62003,62,201.0,156.0,20.0,95.0,68.0
62004,62,1443.0,1079.0,113.0,471.0,454.0
62005,62,2175.0,1628.0,222.0,531.0,552.0
62006,62,9035.0,6250.0,744.0,3703.0,2082.0
62007,62,3272.0,2526.0,180.0,1382.0,1685.0
62008,62,347.0,258.0,17.0,146.0,157.0
62009,62,680.0,562.0,51.0,178.0,176.0
62010,62,454.0,319.0,38.0,163.0,200.0
62011,62,7391.0,5186.0,442.0,3426.0,2268.0
62012,62,322.0,249.0,30.0,156.0,84.0
62013,62,519.0,437.0,45.0,271.0,232.0
62014,62,1936.0,1435.0,125.0,758.0,703.0
62015,62,265.0,205.0,37.0,69.0,85.0
62016,62,843.0,676.0,108.0,323.0,288.0
62017,62,638.0,470.0,61.0,230.0,198.0
62018,62,1683.0,1246.0,238.0,720.0,868.0
62019,62,1450.0,1206.0,103.0,526.0,550.0
62020,62,847.0,690.0,86.0,225.0,470.0
62021,62,278.0,222.0,34.0,86.0,80.0
62022,62,156.0,114.0,20.0,66.0,47.0
62023,62,810.0,603.0,106.0,391.0,267.0
62024,62,1978.0,1413.0,125.0,813.0,981.0
62025,62,114.0,89.0,9.0,57.0,52.0
62026,62,729.0,503.0,54.0,183.0,349.0
62027,62,2640.0,1866.0,271.0,1036.0,1158.0
62028,62,1168.0,781.0,66.0,443.0,426.0
62029,62,138.0,91.0,7.0,58.0,52.0
62030,62,1417.0,1014.0,94.0,481.0,474.0
62031,62,942.0,649.0,70.0,325.0,292.0
62032,62,380.0,312.0,40.0,204.0,136.0
62033,62,2633.0,1712.0,268.0,1081.0,586.0
62034,62,5788.0,3840.0,473.0,1362.0,2428.0
62035,62,16911.0,12524.0,2400.0,6728.0,6953.0
62036,62,1909.0,1321.0,252.0,633.0,873.0
62037,62,271.0,205.0,38.0,110.0,74.0
62038,62,61326.0,45957.0,5790.0,29207.0,14079.0
62039,62,750.0,502.0,53.0,265.0,151.0
62040,62,151.0,127.0,16.0,47.0,73.0
62041,62,457.0,310.0,25.0,105.0,147.0
62042,62,1329.0,973.0,93.0,650.0,449.0
62043,62,96.0,63.0,10.0,25.0,31.0
62044,62,10085.0,7988.0,812.0,4854.0,3420.0
62045,62,4241.0,3146.0,614.0,1066.0,1367.0
62046,62,1092.0,857.0,151.0,392.0,432.0
62047,62,514.0,434.0,48.0,254.0,236.0
62048,62,1735.0,1175.0,192.0,441.0,400.0
62049,62,202.0,155.0,11.0,56.0,68.0
62050,62,4767.0,3318.0,622.0,1333.0,1990.0
62051,62,25582.0,17923.0,1985.0,5579.0,8940.0
62052,62,472.0,342.0,45.0,165.0,228.0
62053,62,688.0,524.0,38.0,315.0,215.0
62054,62,8349.0,6181.0,614.0,3834.0,2750.0
62055,62,1020.0,856.0,119.0,393.0,413.0
62056,62,5277.0,4236.0,705.0,2170.0,1775.0
62057,62,2146.0,1724.0,184.0,800.0,912.0
62058,62,7205.0,5944.0,814.0,2345.0,3763.0
62059,62,366.0,250.0,30.0,147.0,92.0
62060,62,5630.0,4705.0,839.0,2084.0,2821.0
62061,62,71.0,55.0,6.0,24.0,19.0
62062,62,1871.0,1568.0,270.0,878.0,934.0
62063,62,654.0,530.0,63.0,264.0,301.0
62064,62,2869.0,1894.0,289.0,998.0,592.0
62065,62,2545.0,2034.0,353.0,1342.0,670.0
62066,62,2104.0,1378.0,177.0,784.0,753.0
62067,62,92.0,68.0,7.0,33.0,20.0
62068,62,578.0,387.0,44.0,183.0,197.0
62069,62,23776.0,15550.0,2169.0,6610.0,7591.0
62070,62,3103.0,2480.0,267.0,1530.0,881.0
62071,62,7940.0,5772.0,822.0,3693.0,3451.0
62072,62,1647.0,1239.0,92.0,841.0,399.0
62073,62,10585.0,6917.0,1334.0,3786.0,4257.0
62074,62,105.0,77.0,8.0,33.0,39.0
62075,62,15395.0,10578.0,1210.0,4219.0,5756.0
62076,62,265.0,216.0,15.0,88.0,145.0
62077,62,360.0,302.0,31.0,106.0,200.0
62078,62,66.0,55.0,7.0,18.0,27.0
62079,62,102.0,68.0,6.0,38.0,45.0
62080,62,4518.0,3447.0,424.0,1481.0,1683.0
62081,62,1642.0,1366.0,179.0,846.0,558.0
62082,62,489.0,322.0,28.0,127.0,104.0
62083,62,619.0,519.0,82.0,266.0,249.0
62084,62,2304.0,1735.0,294.0,1043.0,973.0
62085,62,136.0,93.0,15.0,61.0,53.0
62086,62,1614.0,1284.0,98.0,723.0,429.0
62087,62,17573.0,12766.0,2098.0,5737.0,5586.0
62088,62,798.0,533.0,100.0,208.0,304.0
62089,62,661.0,498.0,81.0,268.0,254.0
62090,62,2133.0,1513.0,255.0,938.0,597.0
62091,62,267.0,214.0,35.0,111.0,89.0
62092,62,1924.0,1445.0,169.0,882.0,996.0
62093,62,2756.0,2234.0,383.0,678.0,887.0
62094,62,834.0,666.0,88.0,450.0,223.0
62095,62,722.0,537.0,45.0,255.0,178.0
62096,62,399.0,319.0,30.0,198.0,137.0
62097,62,136.0,113.0,15.0,47.0,40.0
62098,62,7247.0,4857.0,517.0,2664.0,1795.0
62099,62,588.0,427.0,74.0,182.0,137.0
80001,80,3346.0,2330.0,494.0,781.0,837.0
80002,80,1934.0,1547.0,171.0,622.0,867.0
80003,80,3638.0,2433.0,426.0,1235.0,1256.0
80004,80,199.0,131.0,11.0,85.0,59.0
80005,80,7197.0,5519.0,933.0,2689.0,1875.0
80006,80,231.0,172.0,27.0,111.0,92.0
80007,80,379.0,281.0,42.0,171.0,144.0
80008,80,610.0,512.0,91.0,351.0,221.0
80009,80,969.0,669.0,123.0,363.0,450.0
80010,80,672.0,485.0,35.0,266.0,263.0
80011,80,15848.0,11856.0,1377.0,5640.0,7813.0
80012,80,1562.0,1266.0,93.0,472.0,492.0
80013,80,6635.0,5264.0,585.0,2593.0,2771.0
80014,80,611.0,493.0,50.0,223.0,227.0
80015,80,268.0,186.0,34.0,119.0,124.0
80016,80,2445.0,1856.0,200.0,1199.0,736.0
80017,80,2861.0,2295.0,350.0,1292.0,1476.0
80018,80,31.0,23.0,2.0,9.0,11.0
80019,80,337.0,232.0,35.0,99.0,126.0
80020,80,779.0,566.0,107.0,291.0,338.0
80021,80,474.0,326.0,50.0,135.0,196.0
80022,80,1718.0,1448.0,181.0,456.0,573.0
80023,80,4755.0,4017.0,324.0,2802.0,1226.0
80024,80,581.0,435.0,42.0,300.0,293.0
80025,80,2461.0,2065.0,216.0,931.0,1273.0
80026,80,603.0,469.0,60.0,209.0,249.0
80027,80,581.0,411.0,29.0,218.0,258.0
80028,80,155.0,126.0,10.0,69.0,40.0
80029,80,2412.0,1816.0,162.0,606.0,589.0
80030,80,564.0,454.0,58.0,154.0,188.0
80031,80,24477.0,17346.0,3588.0,8093.0,11008.0
80032,80,494.0,326.0,69.0,224.0,126.0
80033,80,325.0,224.0,44.0,130.0,115.0
80034,80,3536.0,2698.0,450.0,1154.0,897.0
80035,80,970.0,764.0,111.0,315.0,488.0
80036,80,1541.0,1132.0,151.0,667.0,516.0
80037,80,17265.0,12973.0,2520.0,8344.0,5664.0
80038,80,11645.0,9761.0,610.0,6648.0,4346.0
80039,80,987.0,649.0,58.0,354.0,270.0
80040,80,498.0,340.0,69.0,203.0,196.0
80041,80,2962.0,1951.0,337.0,668.0,1278.0
80042,80,140.0,109.0,16.0,40.0,63.0
80043,80,988.0,824.0,52.0,569.0,357.0
80044,80,7909.0,6717.0,922.0,2069.0,4088.0
80045,80,1620.0,1244.0,157.0,823.0,699.0
80046,80,223.0,186.0,16.0,94.0,98.0
80047,80,744.0,617.0,78.0,235.0,422.0
80048,80,3093.0,2311.0,212.0,1054.0,1081.0
80049,80,347.0,271.0,49.0,111.0,161.0
80050,80,135.0,114.0,14.0,77.0,71.0
80051,80,3943.0,2950.0,453.0,1289.0,1362.0
80052,80,3565.0,2592.0,366.0,1465.0,1119.0
80053,80,1888.0,1229.0,174.0,412.0,686.0
80054,80,295.0,246.0,23.0,157.0,106.0
80055,80,815.0,642.0,59.0,348.0,438.0
80056,80,33227.0,27788.0,4887.0,12829.0,16185.0
80057,80,80.0,59.0,10.0,19.0,19.0
80058,80,29.0,22.0,3.0,13.0,10.0
80059,80,647.0,424.0,70.0,200.0,273.0
80060,80,163.0,116.0,14.0,52.0,73.0
80061,80,1582.0,1066.0,193.0,421.0,546.0
80062,80,50.0,38.0,4.0,22.0,15.0
80063,80,687.0,513.0,63.0,199.0,170.0
80064,80,302.0,203.0,21.0,103.0,69.0
80065,80,5319.0,3478.0,536.0,1321.0,2072.0
80066,80,565.0,437.0,38.0,301.0,209.0
80067,80,701.0,536.0,96.0,302.0,208.0
80068,80,1223.0,889.0,114.0,502.0,418.0
80069,80,2696.0,2154.0,297.0,708.0,1273.0
80070,80,1500.0,1269.0,76.0,484.0,828.0
80071,80,795.0,627.0,40.0,308.0,437.0
80072,80,17653.0,12934.0,1797.0,5506.0,5406.0
80073,80,1726.0,1396.0,114.0,820.0,448.0
80074,80,39579.0,27514.0,2698.0,12187.0,9137.0
80075,80,4782.0,3872.0,332.0,2382.0,2339.0
80076,80,2572.0,1700.0,339.0,1117.0,799.0
80077,80,1780.0,1505.0,103.0,465.0,753.0
80078,80,3634.0,2543.0,347.0,1255.0,1681.0
80079,80,1315.0,1051.0,134.0,431.0,562.0
80080,80,654.0,531.0,62.0,182.0,361.0
80081,80,409.0,330.0,49.0,100.0,124.0
80082,80,4057.0,3278.0,420.0,1558.0,2133.0
80083,80,424.0,326.0,41.0,221.0,197.0
80084,80,5704.0,4319.0,826.0,3020.0,1694.0
80085,80,2667.0,1871.0,159.0,859.0,767.0
80086,80,608.0,485.0,44.0,222.0,216.0
80087,80,83.0,66.0,8.0,32.0,29.0
80088,80,198.0,165.0,23.0,57.0,62.0
80089,80,17720.0,13988.0,1994.0,5487.0,9069.0
80090,80,1753.0,1311.0,147.0,852.0,493.0
80091,80,1850.0,1453.0,223.0,559.0,760.0
80092,80,358.0,260.0,27.0,109.0,149.0
80093,80,215.0,177.0,15.0,117.0,69.0
80094,80,40.0,33.0,3.0,16.0,16.0
80095,80,3439.0,2575.0,316.0,1193.0,957.0
80096,80,175.0,120.0,16.0,54.0,58.0
80097,80,3662.0,2732.0,231.0,1524.0,1182.0
80098,80,40791.0,27078.0,2489.0,14231.0,11920.0
80099,80,929.0,650.0,51.0,310.0,234.0
22001,22,124445.0,83301.0,13263.0,47741.0,45031.0
22002,22,18975.0,16054.0,1681.0,4948.0,10666.0
22003,22,211.0,162.0,12.0,54.0,106.0
22004,22,3270.0,2582.0,476.0,1060.0,839.0
22005,22,6.0,4.0,0.0,2.0,1.0
22006,22,801.0,545.0,101.0,313.0,191.0
22007,22,182.0,139.0,11.0,69.0,46.0
22008,22,698.0,528.0,76.0,204.0,291.0
22009,22,3548.0,2959.0,289.0,1759.0,909.0
22010,22,2626.0,2072.0,252.0,796.0,848.0
22011,22,668.0,488.0,40.0,335.0,175.0
22012,22,714.0,586.0,105.0,407.0,222.0
22013,22,1873.0,1312.0,139.0,899.0,763.0
22014,22,88.0,59.0,8.0,37.0,18.0
22015,22,495.0,343.0,66.0,203.0,164.0
22016,22,3764.0,2739.0,332.0,1057.0,1670.0
22017,22,982.0,649.0,75.0,287.0,340.0
22018,22,69.0,56.0,10.0,20.0,30.0
22019,22,1701.0,1141.0,124.0,567.0,369.0
22020,22,2916.0,2378.0,222.0,801.0,1413.0
22021,22,27840.0,23525.0,3503.0,12703.0,7491.0
22022,22,2727.0,1894.0,292.0,956.0,918.0
22023,22,1123.0,766.0,103.0,250.0,237.0
22024,22,682.0,466.0,45.0,234.0,215.0
22025,22,346.0,244.0,35.0,140.0,114.0
22026,22,2042.0,1601.0,283.0,559.0,632.0
22027,22,1654.0,1144.0,231.0,722.0,715.0
22028,22,1056.0,849.0,59.0,569.0,424.0
22029,22,4637.0,3271.0,288.0,1232.0,1215.0
22030,22,7662.0,5970.0,1061.0,3859.0,2574.0
22031,22,2086.0,1573.0,111.0,485.0,909.0
22032,22,860.0,686.0,53.0,208.0,388.0
22033,22,4173.0,3378.0,405.0,1042.0,1451.0
22034,22,916.0,704.0,92.0,413.0,317.0
22035,22,13416.0,10821.0,1902.0,5669.0,3629.0
22036,22,10801.0,8182.0,590.0,5155.0,4442.0
22037,22,10883.0,7077.0,799.0,4097.0,3000.0
22038,22,276.0,213.0,17.0,117.0,96.0
22039,22,5354.0,4179.0,530.0,2425.0,2853.0
22040,22,6546.0,4722.0,458.0,2931.0,1865.0
22041,22,683.0,517.0,77.0,328.0,156.0
22042,22,721.0,530.0,41.0,317.0,289.0
22043,22,247.0,181.0,23.0,55.0,81.0
22044,22,8307.0,6558.0,924.0,3906.0,3195.0
22045,22,276.0,209.0,19.0,137.0,90.0
22046,22,2339.0,1968.0,234.0,1181.0,701.0
22047,22,167.0,120.0,19.0,59.0,61.0
22048,22,1742.0,1428.0,133.0,748.0,932.0
22049,22,61.0,50.0,6.0,20.0,34.0
22050,22,411.0,340.0,26.0,176.0,227.0
22051,22,4804.0,4082.0,568.0,2139.0,2382.0
22052,22,1242.0,985.0,181.0,412.0,542.0
22053,22,1984.0,1631.0,151.0,588.0,972.0
22054,22,1007.0,656.0,120.0,434.0,222.0
22055,22,3120.0,2553.0,306.0,1712.0,1503.0
22056,22,357.0,253.0,37.0,112.0,158.0
22057,22,1206.0,1020.0,177.0,633.0,679.0
22058,22,244.0,175.0,21.0,113.0,67.0
22059,22,2613.0,1952.0,311.0,610.0,997.0
22060,22,683.0,482.0,87.0,184.0,262.0
22061,22,2329.0,1748.0,144.0,988.0,766.0
22062,22,300.0,238.0,20.0,164.0,100.0
22063,22,162.0,129.0,18.0,64.0,74.0
22064,22,306.0,236.0,31.0,129.0,108.0
22065,22,285.0,235.0,30.0,139.0,107.0
22066,22,23329.0,18206.0,1305.0,9099.0,7777.0
22067,22,17000.0,13896.0,1773.0,9022.0,5742.0
22068,22,80.0,65.0,6.0,40.0,44.0
22069,22,143.0,103.0,11.0,32.0,62.0
22070,22,227.0,151.0,33.0,63.0,89.0
22071,22,65.0,50.0,4.0,23.0,15.0
22072,22,3838.0,2785.0,436.0,1372.0,1707.0
22073,22,2200.0,1690.0,192.0,854.0,960.0
22074,22,839.0,546.0,44.0,205.0,275.0
22075,22,6441.0,5276.0,579.0,3438.0,1629.0
22076,22,885.0,613.0,93.0,213.0,421.0
22077,22,6360.0,4501.0,868.0,2198.0,2013.0
22078,22,25374.0,18893.0,3057.0,5928.0,9305.0
22079,22,274.0,180.0,22.0,86.0,89.0
22080,22,5193.0,4325.0,694.0,2169.0,2064.0
22081,22,121.0,100.0,12.0,59.0,36.0
22082,22,1089.0,908.0,131.0,516.0,332.0
22083,22,5601.0,4266.0,673.0,1744.0,2810.0
22084,22,290.0,204.0,40.0,135.0,94.0
22085,22,815.0,609.0,120.0,212.0,193.0
22086,22,394.0,260.0,28.0,175.0,123.0
22087,22,1460.0,1076.0,170.0,374.0,442.0
22088,22,2062.0,1512.0,227.0,890.0,998.0
22089,22,673.0,450.0,38.0,137.0,265.0
22090,22,3299.0,2205.0,407.0,868.0,712.0
22091,22,2733.0,2123.0,140.0,1193.0,808.0
22092,22,902.0,613.0,85.0,219.0,203.0
22093,22,25.0,19.0,3.0,9.0,10.0
22094,22,38.0,27.0,2.0,13.0,16.0
22095,22,1448.0,1086.0,203.0,589.0,420.0
22096,22,979.0,718.0,104.0,346.0,317.0
22097,22,3900.0,2687.0,301.0,1190.0,810.0
22098,22,648.0,511.0,92.0,283.0,157.0
22099,22,31.0,21.0,4.0,11.0,10.0
29001,29,2507.0,1810.0,226.0,1221.0,1019.0
29002,29,561.0,436.0,78.0,190.0,173.0
29003,29,480.0,336.0,34.0,115.0,161.0
29004,29,2696.0,2153.0,336.0,933.0,1470.0
29005,29,492.0,353.0,46.0,215.0,166.0
29006,29,634.0,446.0,71.0,256.0,213.0
29007,29,53382.0,43907.0,6848.0,16258.0,26204.0
29008,29,1608.0,1314.0,171.0,663.0,883.0
29009,29,185.0,138.0,24.0,63.0,67.0
29010,29,1262.0,1038.0,138.0,318.0,631.0
29011,29,750.0,500.0,52.0,209.0,173.0
29012,29,6854.0,4585.0,968.0,2581.0,2805.0
29013,29,4867.0,3660.0,455.0,2127.0,2444.0
29014,29,880.0,590.0,118.0,281.0,313.0
29015,29,1125.0,894.0,124.0,312.0,333.0
29016,29,537.0,380.0,53.0,144.0,210.0
29017,29,1902.0,1560.0,279.0,927.0,529.0
29018,29,57.0,43.0,4.0,19.0,13.0
29019,29,1450.0,962.0,146.0,487.0,433.0
29020,29,5515.0,4419.0,632.0,2007.0,1828.0
29021,29,374.0,278.0,47.0,95.0,107.0
29022,29,1287.0,976.0,146.0,590.0,520.0
29023,29,563.0,451.0,57.0,144.0,153.0
29024,29,7124.0,5739.0,855.0,2322.0,3027.0
29025,29,6882.0,5305.0,645.0,1645.0,2979.0
29026,29,1173.0,842.0,66.0,448.0,359.0
29027,29,374.0,260.0,20.0,168.0,112.0
29028,29,1728.0,1358.0,250.0,630.0,855.0
29029,29,3818.0,2957.0,223.0,1653.0,1869.0
29030,29,215.0,164.0,14.0,103.0,67.0
29031,29,9063.0,6605.0,508.0,2451.0,3924.0
29032,29,1477.0,1112.0,219.0,658.0,504.0
29033,29,1828.0,1487.0,163.0,520.0,735.0
29034,29,7871.0,5338.0,1148.0,2243.0,1618.0
29035,29,349.0,227.0,48.0,120.0,89.0
29036,29,24536.0,19071.0,3025.0,6944.0,11046.0
29037,29,254.0,215.0,36.0,100.0,144.0
29038,29,512.0,398.0,75.0,198.0,160.0
29039,29,295.0,221.0,22.0,71.0,126.0
29040,29,1398.0,953.0,117.0,634.0,595.0
29041,29,886.0,743.0,74.0,464.0,343.0
29042,29,251.0,180.0,19.0,99.0,99.0
29043,29,286.0,240.0,42.0,96.0,157.0
29044,29,4102.0,3249.0,379.0,1302.0,1499.0
29045,29,1013.0,761.0,66.0,496.0,424.0
29046,29,1498.0,1233.0,160.0,727.0,623.0
29047,29,1263.0,1015.0,135.0,675.0,547.0
29048,29,762.0,619.0,64.0,301.0,363.0
29049,29,162.0,126.0,8.0,61.0,69.0
29050,29,1929.0,1516.0,276.0,589.0,964.0
29051,29,1595.0,1270.0,193.0,822.0,477.0
29052,29,664.0,488.0,97.0,302.0,341.0
29053,29,981.0,709.0,143.0,281.0,266.0
29054,29,8643.0,6494.0,615.0,4131.0,2876.0
29055,29,814.0,676.0,77.0,448.0,372.0
29056,29,160.0,119.0,23.0,40.0,39.0
29057,29,270.0,206.0,36.0,120.0,84.0
29058,29,1870.0,1564.0,231.0,770.0,487.0
29059,29,542.0,387.0,57.0,177.0,210.0
29060,29,520.0,387.0,70.0,119.0,258.0
29061,29,241.0,167.0,28.0,112.0,82.0
29062,29,1824.0,1341.0,200.0,754.0,678.0
29063,29,429.0,291.0,58.0,165.0,103.0
29064,29,256.0,198.0,31.0,60.0,92.0
29065,29,2473.0,1690.0,262.0,1180.0,836.0
29066,29,209.0,173.0,30.0,118.0,108.0
29067,29,106.0,78.0,14.0,43.0,47.0
29068,29,5428.0,4216.0,510.0,1496.0,1575.0
29069,29,1181.0,933.0,72.0,534.0,463.0
29070,29,396.0,280.0,57.0,131.0,162.0
29071,29,3718.0,2853.0,211.0,1725.0,1114.0
29072,29,6331.0,4521.0,852.0,1862.0,1870.0
29073,29,756.0,515.0,50.0,225.0,160.0
29074,29,35408.0,24613.0,2055.0,11414.0,8383.0
29075,29,11597.0,7564.0,1620.0,2689.0,3377.0
29076,29,1178.0,862.0,79.0,493.0,546.0
29077,29,901.0,658.0,105.0,299.0,289.0
29078,29,969.0,750.0,71.0,378.0,450.0
29079,29,1888.0,1356.0,126.0,767.0,796.0
29080,29,3058.0,2066.0,305.0,781.0,1083.0
29081,29,8155.0,6278.0,545.0,2779.0,1933.0
29082,29,835.0,677.0,104.0,234.0,324.0
29083,29,231.0,151.0,14.0,50.0,81.0
29084,29,1943.0,1633.0,166.0,732.0,769.0
29085,29,1964.0,1431.0,180.0,911.0,929.0
29086,29,1721.0,1283.0,192.0,615.0,628.0
29087,29,2133.0,1693.0,244.0,930.0,722.0
29088,29,63905.0,41995.0,6780.0,13639.0,24398.0
29089,29,1308.0,1016.0,130.0,693.0,628.0
29090,29,484.0,391.0,44.0,222.0,257.0
29091,29,10629.0,8203.0,935.0,4472.0,3424.0
29092,29,6668.0,5530.0,343.0,3060.0,3623.0
29093,29,485.0,353.0,29.0,197.0,190.0
29094,29,1716.0,1173.0,187.0,804.0,725.0
29095,29,4841.0,4069.0,349.0,1552.0,2541.0
29096,29,47828.0,33106.0,5907.0,18413.0,20790.0
29097,29,879.0,588.0,115.0,259.0,341.0
29098,29,1209.0,959.0,119.0,536.0,519.0
29099,29,160.0,135.0,10.0,73.0,66.0
35001,35,718.0,496.0,77.0,323.0,171.0
35002,35,3518.0,2784.0,517.0,913.0,1931.0
35003,35,1007.0,657.0,82.0,355.0,304.0
35004,35,5017.0,4095.0,379.0,1460.0,1892.0
35005,35,14716.0,9909.0,1425.0,6739.0,4539.0
35006,35,4925.0,4113.0,678.0,1641.0,2257.0
35007,35,1695.0,1439.0,238.0,657.0,970.0
35008,35,514.0,418.0,45.0,232.0,159.0
35009,35,3708.0,2973.0,252.0,2017.0,1714.0
35010,35,228.0,157.0,13.0,85.0,84.0
35011,35,609.0,401.0,72.0,150.0,269.0
35012,35,1499.0,1136.0,223.0,510.0,659.0
35013,35,4478.0,3692.0,226.0,1930.0,1136.0
35014,35,2279.0,1611.0,275.0,1053.0,617.0
35015,35,45.0,37.0,4.0,23.0,16.0
35016,35,157.0,115.0,17.0,35.0,65.0
35017,35,5684.0,4622.0,745.0,2300.0,1928.0
35018,35,572.0,395.0,66.0,166.0,156.0
35019,35,550.0,437.0,53.0,232.0,275.0
35020,35,523.0,410.0,61.0,236.0,260.0
35021,35,325.0,216.0,18.0,67.0,113.0
35022,35,2668.0,1953.0,306.0,934.0,945.0
35023,35,9506.0,7766.0,1020.0,4122.0,5040.0
35024,35,561.0,466.0,46.0,306.0,259.0
35025,35,191.0,160.0,24.0,48.0,67.0
35026,35,803.0,646.0,73.0,266.0,314.0
35027,35,54548.0,44204.0,6958.0,26069.0,14607.0
35028,35,39.0,30.0,4.0,14.0,18.0
35029,35,985.0,826.0,101.0,535.0,448.0
35030,35,990.0,751.0,122.0,329.0,432.0
35031,35,315.0,244.0,27.0,129.0,155.0
35032,35,5111.0,3449.0,463.0,2412.0,1589.0
35033,35,7936.0,6316.0,507.0,2798.0,2310.0
35034,35,26366.0,19737.0,3728.0,8267.0,8122.0
35035,35,3147.0,2411.0,405.0,1653.0,1429.0
35036,35,1952.0,1434.0,215.0,939.0,693.0
35037,35,142.0,97.0,19.0,31.0,54.0
35038,35,1775.0,1423.0,131.0,965.0,841.0
35039,35,2205.0,1554.0,207.0,611.0,1081.0
35040,35,552.0,387.0,58.0,269.0,236.0
35041,35,291.0,219.0,15.0,70.0,141.0
35042,35,194.0,163.0,16.0,52.0,50.0
35043,35,2335.0,1683.0,174.0,693.0,862.0
35044,35,6224.0,5164.0,409.0,1592.0,2841.0
35045,35,185.0,144.0,23.0,61.0,97.0
35046,35,10655.0,7155.0,690.0,3898.0,4543.0
35047,35,499.0,404.0,41.0,220.0,238.0
35048,35,938.0,723.0,129.0,223.0,378.0
35049,35,1050.0,780.0,96.0,317.0,482.0
35050,35,2214.0,1573.0,237.0,540.0,693.0
35051,35,422.0,347.0,44.0,195.0,189.0
35052,35,2837.0,2225.0,273.0,932.0,1408.0
35053,35,157.0,114.0,22.0,57.0,41.0
35054,35,1067.0,733.0,95.0,353.0,428.0
35055,35,11.0,8.0,1.0,4.0,3.0
35056,35,62.0,40.0,7.0,15.0,23.0
35057,35,4206.0,3250.0,272.0,1948.0,1356.0
35058,35,2163.0,1654.0,168.0,946.0,892.0
35059,35,1175.0,868.0,102.0,511.0,506.0
35060,35,1313.0,1071.0,66.0,557.0,602.0
35061,35,1482.0,1093.0,129.0,623.0,704.0
35062,35,2685.0,1944.0,304.0,911.0,1349.0
35063,35,1479.0,1038.0,132.0,548.0,687.0
35064,35,375.0,249.0,42.0,170.0,85.0
35065,35,1018.0,842.0,101.0,303.0,291.0
35066,35,564.0,407.0,45.0,201.0,136.0
35067,35,845.0,684.0,87.0,252.0,288.0
35068,35,1816.0,1232.0,131.0,641.0,662.0
35069,35,4871.0,3700.0,589.0,1943.0,2194.0
35070,35,44.0,33.0,3.0,15.0,14.0
35071,35,27.0,20.0,3.0,13.0,7.0
35072,35,1011.0,781.0,108.0,481.0,534.0
35073,35,245.0,187.0,16.0,77.0,87.0
35074,35,4327.0,3084.0,646.0,1685.0,1361.0
35075,35,1434.0,1162.0,150.0,539.0,789.0
35076,35,4741.0,3458.0,335.0,1365.0,1238.0
35077,35,712.0,592.0,70.0,284.0,180.0
35078,35,1918.0,1404.0,152.0,681.0,467.0
35079,35,22.0,15.0,1.0,10.0,5.0
35080,35,848.0,576.0,43.0,195.0,292.0
35081,35,5027.0,4202.0,554.0,2794.0,1911.0
35082,35,113.0,92.0,10.0,56.0,43.0
35083,35,99.0,67.0,6.0,23.0,37.0
35084,35,472.0,395.0,32.0,273.0,198.0
35085,35,27061.0,20866.0,3108.0,13403.0,6476.0
35086,35,256.0,214.0,37.0,130.0,144.0
35087,35,21957.0,15669.0,2068.0,5623.0,7110.0
35088,35,3537.0,2696.0,258.0,958.0,1832.0
35089,35,147042.0,104487.0,10961.0,41151.0,59055.0
35090,35,1168.0,856.0,104.0,458.0,259.0
35091,35,5073.0,3880.0,288.0,1354.0,1532.0
35092,35,28427.0,18599.0,1907.0,7887.0,10860.0
35093,35,310.0,225.0,23.0,139.0,119.0
35094,35,26.0,19.0,3.0,8.0,10.0
35095,35,1428.0,1050.0,141.0,369.0,514.0
35096,35,20655.0,15696.0,1999.0,8137.0,8012.0
35097,35,1666.0,1180.0,186.0,763.0,390.0
35098,35,303.0,241.0,16.0,93.0,109.0
35099,35,319.0,256.0,17.0,143.0,150.0
56001,56,2301.0,1895.0,321.0,591.0,644.0
56002,56,1224.0,886.0,125.0,540.0,295.0
56003,56,562.0,372.0,62.0,153.0,115.0
56004,56,1398.0,969.0,174.0,538.0,526.0
56005,56,3382.0,2584.0,225.0,1660.0,1806.0
56006,56,535.0,367.0,31.0,214.0,206.0
56007,56,684.0,526.0,102.0,245.0,321.0
56008,56,2292.0,1824.0,169.0,1238.0,1051.0
56009,56,468.0,376.0,28.0,207.0,211.0
56010,56,1129.0,950.0,147.0,490.0,521.0
56011,56,1281.0,981.0,103.0,529.0,528.0
56012,56,440.0,298.0,57.0,190.0,200.0
56013,56,429.0,307.0,53.0,144.0,137.0
56014,56,736.0,503.0,56.0,330.0,278.0
56015,56,3046.0,2482.0,188.0,751.0,1548.0
56016,56,785.0,571.0,110.0,225.0,272.0
56017,56,820.0,672.0,79.0,385.0,418.0
56018,56,3695.0,2701.0,303.0,1047.0,1780.0
56019,56,2328.0,1809.0,281.0,1094.0,1075.0
56020,56,3753.0,2531.0,328.0,1226.0,1475.0
56021,56,600.0,485.0,79.0,287.0,284.0
56022,56,1.0,0.0,0.0,0.0,0.0
56023,56,215.0,182.0,31.0,70.0,124.0
56024,56,3617.0,2492.0,376.0,1301.0,749.0
56025,56,2267.0,1867.0,204.0,743.0,1182.0
56026,56,25996.0,18471.0,2100.0,11598.0,9338.0
56027,56,125.0,106.0,12.0,32.0,37.0
56028,56,209.0,164.0,15.0,85.0,71.0
56029,56,1743.0,1361.0,252.0,580.0,918.0
56030,56,233.0,163.0,27.0,57.0,101.0
56031,56,216.0,182.0,12.0,95.0,109.0
56032,56,2596.0,1755.0,176.0,546.0,987.0
56033,56,1856.0,1530.0,214.0,797.0,565.0
56034,56,1674.0,1100.0,248.0,718.0,452.0
56035,56,7042.0,5927.0,969.0,2917.0,1962.0
56036,56,64.0,42.0,8.0,25.0,27.0
56037,56,3224.0,2720.0,357.0,1253.0,933.0
56038,56,4474.0,3451.0,625.0,1996.0,1399.0
56039,56,61.0,49.0,7.0,34.0,28.0
56040,56,765.0,633.0,100.0,333.0,339.0
56041,56,364.0,251.0,41.0,77.0,117.0
56042,56,1836.0,1436.0,103.0,797.0,456.0
56043,56,2724.0,2009.0,289.0,777.0,1402.0
56044,56,16099.0,11587.0,1484.0,4199.0,6988.0
56045,56,3279.0,2256.0,200.0,970.0,1474.0
56046,56,1893.0,1290.0,99.0,901.0,858.0
56047,56,1344.0,952.0,200.0,322.0,469.0
56048,56,4396.0,3472.0,340.0,1252.0,1949.0
56049,56,5674.0,4376.0,549.0,2740.0,1578.0
56050,56,19768.0,13718.0,1229.0,9022.0,5316.0
56051,56,8755.0,6921.0,826.0,2921.0,2541.0
56052,56,962.0,667.0,125.0,282.0,220.0
56053,56,4034.0,2837.0,217.0,1874.0,1125.0
56054,56,3956.0,3274.0,362.0,1349.0,1513.0
56055,56,160.0,135.0,9.0,54.0,59.0
56056,56,699.0,494.0,57.0,195.0,283.0
56057,56,2601.0,2202.0,196.0,1411.0,1267.0
56058,56,96.0,77.0,11.0,25.0,33.0
56059,56,537.0,440.0,77.0,293.0,196.0
56060,56,1235.0,1025.0,129.0,336.0,670.0
56061,56,856.0,576.0,119.0,317.0,326.0
56062,56,662.0,450.0,89.0,181.0,285.0
56063,56,779.0,603.0,68.0,208.0,253.0
56064,56,1354.0,1068.0,83.0,623.0,720.0
56065,56,2807.0,1946.0,228.0,836.0,856.0
56066,56,8969.0,7480.0,1312.0,4861.0,4619.0
56067,56,2110.0,1557.0,288.0,837.0,781.0
56068,56,2035.0,1493.0,129.0,723.0,880.0
56069,56,3856.0,2745.0,304.0,1775.0,1240.0
56070,56,17568.0,12881.0,2496.0,3988.0,5868.0
56071,56,1130.0,752.0,127.0,336.0,451.0
56072,56,806.0,589.0,73.0,184.0,231.0
56073,56,67.0,54.0,3.0,22.0,23.0
56074,56,10707.0,8138.0,1511.0,4764.0,3707.0
56075,56,15343.0,12222.0,1159.0,5300.0,4090.0
56076,56,2249.0,1641.0,319.0,515.0,741.0
56077,56,476.0,375.0,61.0,154.0,118.0
56078,56,864.0,590.0,82.0,282.0,364.0
56079,56,194.0,130.0,27.0,60.0,46.0
56080,56,463.0,334.0,24.0,170.0,217.0
56081,56,576.0,458.0,40.0,226.0,305.0
56082,56,1596.0,1186.0,192.0,664.0,447.0
56083,56,837.0,560.0,90.0,289.0,220.0
56084,56,152.0,120.0,8.0,40.0,47.0
56085,56,557.0,385.0,31.0,175.0,166.0
56086,56,390.0,317.0,37.0,115.0,129.0
56087,56,136.0,105.0,10.0,64.0,61.0
56088,56,1365.0,1083.0,119.0,414.0,656.0
56089,56,62.0,42.0,6.0,19.0,19.0
56090,56,344.0,272.0,33.0,138.0,150.0
56091,56,1279.0,1000.0,168.0,338.0,648.0
56092,56,19063.0,12538.0,1688.0,7220.0,5346.0
56093,56,1344.0,1120.0,124.0,354.0,414.0
56094,56,1197.0,882.0,153.0,457.0,282.0
56095,56,888.0,721.0,62.0,380.0,230.0
56096,56,876.0,713.0,88.0,340.0,339.0
56097,56,834.0,667.0,43.0,204.0,301.0
56098,56,2579.0,1774.0,130.0,1179.0,723.0
56099,56,525.0,425.0,78.0,286.0,284.0
