CODGEO,NB_LOGEMENTS,NB_RP,NB_LOGVAC,NB_MAISON,NB_APPART,DEP
75001,885,721,47,449,379,75
75002,24000,17028,1312,11855,5154,75
75003,3404,2469,338,1658,1131,75
75004,3783,3195,387,1078,1997,75
75005,1645,1165,216,735,452,75
75006,127,98,7,45,33,75
75007,626,466,36,183,141,75
75008,548,454,57,166,304,75
75009,463,349,52,216,221,75
75010,1186,830,174,403,336,75
75011,44,30,6,20,19,75
75012,3991,2939,485,1882,974,75
75013,15447,13057,1861,7242,4989,75
75014,203,143,13,60,83,75
75015,718,592,85,373,395,75
75016,919,625,89,324,316,75
75017,3753,2616,227,1427,1039,75
75018,2542,2072,245,1194,915,75
75019,688,469,50,242,207,75
75020,438,349,50,212,215,75
75021,88,74,5,34,26,75
75022,1443,1084,188,531,513,75
75023,468,371,58,202,245,75
75024,781,528,54,337,298,75
75025,11259,9066,1187,5220,3623,75
75026,1261,997,113,545,538,75
75027,11074,7368,788,3089,5057,75
75028,3869,3023,260,1731,1923,75
75029,923,774,67,279,427,75
75030,1387,911,179,325,304,75
75031,3037,2543,277,1087,1482,75
75032,2520,1954,298,1143,1145,75
75033,3202,2551,212,833,1360,75
75034,1097,841,128,333,403,75
75035,311,213,29,85,142,75
75036,2282,1569,205,983,494,75
75037,1811,1484,169,721,941,75
75038,219,164,21,68,72,75
75039,3327,2682,406,1532,1800,75
75040,68,55,9,17,25,75
75041,216,169,32,61,73,75
75042,38286,32184,3548,15024,20870,75
75043,824,682,72,211,319,75
75044,329,219,35,106,96,75
75045,12,10,1,6,5,75
75046,737,557,107,232,235,75
75047,800,602,48,261,282,75
75048,299,253,44,87,117,75
75049,2383,1885,323,834,1093,75
75050,7638,5941,432,3362,1903,75
75051,621,432,90,278,180,75
75052,739,621,45,231,299,75
75053,913,697,116,422,487,75
75054,439,331,58,195,201,75
75055,2532,2055,264,1319,1030,75
75056,80,56,4,22,30,75
75057,13477,9775,1712,4187,6750,75
75058,725,514,98,242,204,75
75059,924,733,61,502,260,75
75060,2252,1858,115,792,911,75
75061,4802,3387,276,1147,1016,75
75062,5524,4435,351,2775,1821,75
75063,882,703,118,357,292,75
75064,156,114,22,70,51,75
75065,406,327,31,152,179,75
75066,14985,10202,1841,5780,7085,75
75067,3650,2801,420,1914,963,75
75068,9449,7820,776,2360,3080,75
75069,56951,43251,6211,13531,30262,75
75070,7262,5339,478,2077,3142,75
75071,3207,2695,309,1412,1142,75
75072,63,50,7,22,22,75
75073,6500,5326,955,2230,2322,75
75074,6516,4707,699,1953,2533,75
75075,137,110,17,37,58,75
75076,1355,1053,81,407,623,75
75077,400,267,41,186,131,75
75078,455,368,60,186,134,75
75079,2150,1734,198,897,839,75
75080,393,288,52,132,164,75
75081,2429,1778,297,702,1222,75
75082,137,105,19,36,41,75
75083,50169,39264,2586,24713,23617,75
75084,408,345,30,197,198,75
75085,214,150,32,101,89,75
75086,1111,874,154,354,313,75
75087,1039,873,102,539,546,75
75088,206,146,18,50,84,75
75089,2014,1370,270,532,566,75
75090,11973,8820,1239,5616,4230,75
75091,242,201,19,94,122,75
75092,1004,714,70,371,371,75
75093,2086,1688,170,576,765,75
75094,2782,1883,365,601,1316,75
75095,1523,1193,221,628,675,75
75096,1054,871,80,317,585,75
75097,460,325,36,113,220,75
75098,1094,754,112,241,428,75
75099,1185,922,159,543,350,75
77001,3230,2125,477,1113,1298,77
77002,65,44,8,27,15,77
77003,168,125,18,83,53,77
77004,30,20,2,6,13,77
77005,4148,3377,367,1587,1699,77
77006,2166,1484,228,869,871,77
77007,689,523,103,289,327,77
77008,745,587,78,221,215,77
77009,839,701,44,312,212,77
77010,3694,2599,294,1170,1520,77
77011,502,348,48,108,161,77
77012,852,571,125,174,309,77
77013,584,388,51,239,158,77
77014,910,618,66,296,400,77
77015,6563,4443,456,2243,2764,77
77016,2917,1992,332,1236,1066,77
77017,5705,4399,794,1395,1505,77
77018,515,394,44,172,233,77
77019,4395,3096,445,1925,2144,77
77020,1020,778,70,420,443,77
77021,451,371,62,225,174,77
77022,4465,2933,271,1905,1346,77
77023,23813,17588,2519,6941,10120,77
77024,435,345,45,177,240,77
77025,1246,861,102,492,348,77
77026,304,256,23,155,141,77
77027,12759,10276,1238,5212,3140,77
77028,126,104,8,69,35,77
77029,141,112,9,72,64,77
77030,1650,1143,108,729,662,77
77031,96,67,8,41,36,77
77032,8821,5854,763,2831,3708,77
77033,663,500,95,165,349,77
77034,4388,3720,330,2593,2597,77
77035,13474,11233,1008,3409,5285,77
77036,390,292,34,194,137,77
77037,169,119,16,64,60,77
77038,585,493,74,208,285,77
77039,3620,3075,518,1759,1138,77
77040,381,296,38,135,125,77
77041,133,90,16,36,30,77
77042,556,450,41,160,184,77
77043,716,598,79,375,397,77
77044,1768,1290,187,559,537,77
77045,2244,1693,151,1089,852,77
77046,839,650,96,430,409,77
77047,177,139,18,68,72,77
77048,449,371,39,155,235,77
77049,4148,3263,515,2072,1542,77
77050,124059,91673,8597,32356,38425,77
77051,3777,3203,212,1807,1666,77
77052,1626,1123,186,669,758,77
77053,260,200,35,71,129,77
77054,515,417,57,215,259,77
77055,354,249,50,101,98,77
77056,8788,6436,1085,4218,4490,77
77057,386,317,52,148,130,77
77058,1793,1393,185,687,968,77
77059,854,607,49,328,339,77
77060,13202,8702,1892,4552,2781,77
77061,1606,1362,85,838,656,77
77062,3485,2558,229,1200,1481,77
77063,69,57,8,35,34,77
77064,480,388,38,137,150,77
77065,4775,3179,461,1796,1633,77
77066,39,29,3,13,12,77
77067,1906,1601,255,601,824,77
77068,1320,927,150,379,586,77
77069,2884,2341,331,1434,854,77
77070,362,242,47,132,72,77
77071,197,141,22,80,82,77
77072,167,136,8,50,67,77
77073,521,342,52,237,229,77
77074,714,523,46,337,300,77
77075,150,125,19,60,53,77
77076,24169,17573,1855,11488,9622,77
77077,1622,1257,175,808,729,77
77078,14791,12546,1435,6451,7340,77
77079,24464,20786,2560,12449,7695,77
77080,624,487,60,291,158,77
77081,4958,3433,526,2108,1945,77
77082,21,14,2,4,9,77
77083,834,594,115,300,178,77
77084,2867,1863,393,720,1102,77
77085,264,190,36,97,79,77
77086,613,414,83,255,235,77
77087,3564,2895,420,1909,1025,77
77088,5243,4122,386,1977,2369,77
77089,5822,4624,632,1687,3207,77
77090,3589,2907,345,1739,1186,77
77091,398,311,51,174,205,77
77092,1979,1368,204,443,532,77
77093,1449,1205,155,372,587,77
77094,2781,2093,236,848,936,77
77095,161,110,10,57,70,77
77096,3735,3074,476,953,1217,77
77097,3882,2720,228,1689,1762,77
77098,148717,102840,12355,56589,46298,77
77099,2248,1789,168,717,1077,77
78001,2102,1604,170,536,507,78
78002,4990,3712,668,1423,1359,78
78003,25,20,1,7,10,78
78004,326,228,48,150,111,78
78005,844,617,56,275,361,78
78006,4232,2757,575,1394,1377,78
78007,2943,2157,219,803,984,78
78008,1361,1073,88,591,368,78
78009,92,70,10,43,42,78
78010,145,119,12,73,47,78
78011,450,363,60,127,126,78
78012,3165,2310,253,1551,1582,78
78013,4860,3973,709,1312,1641,78
78014,768,586,105,200,248,78
78015,894,680,123,335,339,78
78016,677,570,56,319,245,78
78017,314,222,23,74,92,78
78018,190,125,16,56,60,78
78019,1695,1211,205,628,821,78
78020,1861,1579,263,503,1045,78
78021,7539,5732,1003,3902,2917,78
78022,3781,2476,203,1240,1547,78
78023,426,289,46,101,92,78
78024,1994,1436,130,919,553,78
78025,2531,1797,211,935,607,78
78026,341,262,48,95,177,78
78027,1754,1365,242,616,940,78
78028,161,121,23,76,58,78
78029,534,425,35,259,150,78
78030,1505,1005,158,494,544,78
78031,2494,1910,167,712,781,78
78032,2784,2097,277,774,1263,78
78033,1042,800,134,509,314,78
78034,3957,2783,316,1270,1580,78
78035,1836,1320,198,531,757,78
78036,23957,19256,1890,12737,12975,78
78037,6092,4606,642,2347,3073,78
78038,4702,3081,685,1947,1022,78
78039,3691,2676,533,1276,963,78
78040,28669,22330,3295,7782,6896,78
78041,4322,3628,584,1321,2239,78
78042,410,313,31,212,114,78
78043,76,53,10,34,27,78
78044,791,537,63,177,334,78
78045,29226,19435,4007,9341,9927,78
78046,198,144,26,90,98,78
78047,1646,1261,91,441,695,78
78048,491,386,69,162,227,78
78049,167,127,14,50,83,78
78050,5896,4983,728,3120,2769,78
78051,1550,1031,203,594,614,78
78052,7251,5217,645,2470,2363,78
78053,5003,4211,418,2145,1637,78
78054,6893,5782,879,2904,1969,78
78055,2749,2248,281,842,1048,78
78056,117,93,15,33,39,78
78057,1231,836,91,278,498,78
78058,35093,24730,3771,13190,15618,78
78059,12712,8585,1581,4682,3066,78
78060,2079,1712,108,533,823,78
78061,2868,2010,196,1341,1278,78
78062,158,114,11,57,45,78
78063,18573,12230,1000,3750,5944,78
78064,1794,1344,243,516,820,78
78065,30343,24017,2394,7703,14446,78
78066,1141,893,141,348,376,78
78067,1281,851,149,326,588,78
78068,161,114,20,34,77,78
78069,8830,7379,1111,3648,3543,78
78070,840,688,123,357,231,78
78071,418,281,58,122,159,78
78072,17570,11810,2563,7067,4642,78
78073,28,21,4,14,9,78
78074,9786,7836,1168,4920,3150,78
78075,2377,1740,242,549,529,78
78076,252,164,35,83,91,78
78077,2025,1588,217,925,906,78
78078,1500,1171,146,417,703,78
78079,804,640,95,338,297,78
78080,32,26,3,15,16,78
78081,1331,1069,120,740,623,78
78082,107,81,8,33,45,78
78083,10289,6729,788,4491,4488,78
78084,4959,3834,607,1295,2290,78
78085,25419,19982,3466,7467,8706,78
78086,4278,3142,347,2094,2102,78
78087,1225,830,84,472,323,78
78088,4456,3050,494,2081,1654,78
78089,1158,909,71,541,338,78
78090,811,667,121,210,337,78
78091,9,6,0,4,3,78
78092,61765,43752,4370,30624,22400,78
78093,2188,1818,220,959,1191,78
78094,4544,3065,353,1898,1087,78
78095,5274,4440,415,2747,2976,78
78096,11794,8906,899,5429,3587,78
78097,238,186,12,89,95,78
78098,4948,3689,632,1598,1232,78
78099,983,748,139,245,338,78
91001,1757,1255,236,522,414,91
91002,67,47,3,19,16,91
91003,24454,16927,2554,6108,7327,91
91004,4833,3313,653,1815,1635,91
91005,8200,5376,965,3057,3043,91
91006,395,273,39,160,139,91
91007,1093,795,155,448,421,91
91008,345,254,28,143,145,91
91009,1068,827,121,358,515,91
91010,75,59,7,30,25,91
91011,1972,1305,170,727,546,91
91012,518,434,31,154,144,91
91013,931,771,62,398,359,91
91014,1492,1135,82,638,561,91
91015,2078,1728,134,588,1151,91
91016,13714,10042,698,4360,3257,91
91017,9657,6799,1340,4141,3388,91
91018,444,337,38,182,182,91
91019,324,215,38,106,124,91
91020,1446,939,187,494,304,91
91021,180,127,16,55,52,91
91022,1155,791,68,531,442,91
91023,3514,2314,276,924,1526,91
91024,543,358,53,200,187,91
91025,1789,1192,126,691,433,91
91026,1022,800,82,323,403,91
91027,366,273,37,98,144,91
91028,2918,2440,259,1479,1625,91
91029,1695,1209,251,808,478,91
91030,2625,1810,387,580,694,91
91031,73184,61605,3851,22557,39778,91
91032,7934,6104,1176,2379,3934,91
91033,3528,2521,220,963,1073,91
91034,2070,1468,145,741,856,91
91035,227,166,14,92,54,91
91036,388,301,41,183,98,91
91037,1163,933,119,499,406,91
91038,445,312,55,144,211,91
91039,2452,1817,200,775,851,91
91040,563,460,46,219,295,91
91041,613,484,87,242,294,91
91042,1088,778,129,297,328,91
91043,691,533,74,204,335,91
91044,2287,1490,175,813,768,91
91045,163,105,14,62,68,91
91046,159,124,22,68,42,91
91047,7138,5521,607,1947,3476,91
91048,739,559,61,283,223,91
91049,1850,1240,200,421,598,91
91050,4039,2910,308,1567,892,91
91051,717,588,39,388,300,91
91052,22721,17961,2078,8335,10310,91
91053,1165,870,131,384,457,91
91054,689,501,52,264,328,91
91055,6253,4097,584,2444,2010,91
91056,885,709,102,351,237,91
91057,1889,1459,147,908,495,91
91058,70,54,3,29,17,91
91059,53,37,5,24,22,91
91060,8052,5339,598,3351,3044,91
91061,2377,1724,268,560,716,91
91062,277,208,29,120,67,91
91063,9361,7155,1314,2146,2198,91
91064,44,36,4,15,21,91
91065,2608,1893,391,883,1042,91
91066,663,497,59,227,269,91
91067,62,51,5,20,15,91
91068,102,73,13,27,31,91
91069,162,133,10,79,61,91
91070,927,777,69,399,507,91
91071,338,233,45,154,128,91
91072,69,49,6,24,29,91
91073,913,668,115,294,440,91
91074,554,447,74,142,272,91
91075,70,59,8,29,18,91
91076,5375,3656,774,1668,1895,91
91077,1052,747,56,447,250,91
91078,448,369,52,171,215,91
91079,1438,1047,156,359,321,91
91080,266,197,30,136,86,91
91081,2907,2387,204,982,1587,91
91082,732,575,103,276,211,91
91083,179,140,20,75,83,91
91084,4680,3753,365,1867,1453,91
91085,1142,957,138,457,305,91
91086,10923,7824,1497,4557,4920,91
91087,8661,6227,976,3531,2269,91
91088,615,499,90,286,324,91
91089,157,119,13,77,43,91
91090,2879,2351,285,1209,737,91
91091,813,640,109,374,355,91
91092,430,356,49,146,200,91
91093,3272,2565,276,1630,1651,91
91094,1010,689,134,340,372,91
91095,3462,2932,255,1578,1870,91
91096,1576,1294,127,638,794,91
91097,8381,6099,560,2251,3912,91
91098,3002,2182,243,1372,1487,91
91099,127,100,18,34,47,91
92001,394,298,57,117,161,92
92002,1685,1172,196,499,593,92
92003,2681,1961,346,1119,1095,92
92004,184,140,15,65,50,92
92005,104,79,11,27,52,92
92006,7585,5795,386,2246,2755,92
92007,434,368,22,134,135,92
92008,4685,3065,342,1619,1172,92
92009,2644,1965,393,621,1042,92
92010,17,11,1,5,3,92
92011,161,121,21,71,58,92
92012,341,228,34,82,150,92
92013,861,724,69,437,294,92
92014,1785,1316,143,788,410,92
92015,288,224,34,136,109,92
92016,2510,1650,212,633,1101,92
92017,1560,1257,111,468,500,92
92018,3580,2328,464,975,1164,92
92019,116,88,10,51,55,92
92020,98,64,13,44,31,92
92021,2361,1705,239,866,1083,92
92022,320,215,26,105,99,92
92023,2660,2037,196,1127,1199,92
92024,1721,1338,215,416,894,92
92025,4637,3327,436,1836,2178,92
92026,178,119,21,42,67,92
92027,547,370,51,233,198,92
92028,95,80,4,36,32,92
92029,1481,1250,190,802,858,92
92030,455,352,66,196,134,92
92031,153,115,22,72,41,92
92032,64788,42883,8650,24824,27802,92
92033,37,24,3,8,12,92
92034,199,151,15,66,79,92
92035,4668,3947,437,1906,1320,92
92036,3260,2348,317,1473,773,92
92037,144,118,17,80,73,92
92038,825,600,43,280,260,92
92039,30,22,2,13,12,92
92040,16944,12357,1248,7883,4487,92
92041,280,196,28,104,108,92
92042,612,452,47,264,213,92
92043,2864,1878,329,1235,937,92
92044,686,487,75,197,270,92
92045,1789,1164,254,700,507,92
92046,110,89,8,61,31,92
92047,1815,1365,152,624,933,92
92048,269,177,27,69,92,92
92049,3678,2402,349,988,945,92
92050,3829,2588,242,865,1735,92
92051,470,386,51,240,119,92
92052,1420,1032,111,394,547,92
92053,2526,1950,207,1102,1205,92
92054,1961,1339,277,668,649,92
92055,6886,4991,440,2674,2527,92
92056,2648,1773,316,1033,713,92
92057,4489,3506,604,1801,2065,92
92058,384,269,44,88,133,92
92059,892,583,66,365,302,92
92060,1641,1297,90,453,510,92
92061,10432,8825,1267,2830,5847,92
92062,464,341,42,187,181,92
92063,2584,1709,270,1121,661,92
92064,22819,17453,2475,7258,5899,92
92065,955,635,99,429,195,92
92066,997,822,89,276,248,92
92067,261,170,20,115,69,92
92068,1366,977,126,465,682,92
92069,648,493,34,335,234,92
92070,54819,42327,4193,18559,28795,92
92071,3305,2303,243,1359,887,92
92072,666,562,91,248,324,92
92073,470,311,62,157,167,92
92074,635,519,87,201,311,92
92075,3784,3141,497,2007,2074,92
92076,363,262,34,135,183,92
92077,7773,6292,841,3682,2498,92
92078,3315,2695,291,1278,1601,92
92079,565,462,73,320,217,92
92080,1227,849,178,423,457,92
92081,603,404,66,272,167,92
92082,1897,1459,273,597,980,92
92083,842,609,79,262,259,92
92084,1107,812,143,556,426,92
92085,10154,7225,1406,3875,3087,92
92086,19690,16342,1125,5834,8589,92
92087,440,351,38,119,227,92
92088,32,24,4,9,16,92
92089,616,423,67,245,201,92
92090,1442,1021,112,338,621,92
92091,1526,1197,156,521,511,92
92092,1270,973,93,480,547,92
92093,1104,871,157,333,589,92
92094,241,185,24,127,62,92
92095,133,92,15,35,58,92
92096,3222,2203,193,1495,914,92
92097,618,504,63,180,348,92
92098,77,58,10,18,22,92
92099,880,639,93,434,236,92
93001,1394,1016,170,416,697,93
93002,139,100,15,50,31,93
93003,6477,4261,702,2584,2840,93
93004,3376,2645,286,1118,1372,93
93005,5902,4836,718,3304,1495,93
93006,16,11,2,5,7,93
93007,220,180,24,62,59,93
93008,1511,1171,172,701,594,93
93009,1316,935,149,289,507,93
93010,13318,10416,866,4092,5588,93
93011,7173,4781,622,2292,2215,93
93012,10286,7530,1308,5088,4775,93
93013,3663,2670,420,1689,1756,93
93014,8526,5772,856,2454,3870,93
93015,3916,3167,216,1176,1394,93
93016,3278,2459,377,786,1022,93
93017,421,321,47,98,217,93
93018,245,173,29,102,62,93
93019,25844,21215,3673,12014,10320,93
93020,668,494,44,212,294,93
93021,5234,4402,571,2870,1600,93
93022,724,494,60,164,182,93
93023,1055,778,56,255,451,93
93024,3217,2241,316,1271,969,93
93025,36749,28590,4470,10556,18536,93
93026,916,648,62,393,366,93
93027,56503,37179,5223,12315,13244,93
93028,955,664,139,311,435,93
93029,219,147,32,98,55,93
93030,1690,1170,225,391,517,93
93031,649,526,72,254,366,93
93032,451,335,33,130,153,93
93033,152,102,15,56,62,93
93034,1810,1528,99,527,651,93
93035,158,104,15,45,45,93
93036,893,632,106,247,422,93
93037,106,87,12,47,35,93
93038,117,82,13,54,38,93
93039,2483,2053,176,1000,1058,93
93040,414,316,32,174,162,93
93041,12574,10517,1190,4863,5536,93
93042,2738,1836,306,914,1174,93
93043,6189,4181,716,2770,2791,93
93044,83,56,12,18,21,93
93045,1938,1289,275,568,712,93
93046,370,276,29,138,167,93
93047,499,410,29,141,141,93
93048,173,140,23,46,67,93
93049,2265,1796,188,698,1061,93
93050,696,585,65,359,278,93
93051,16,12,1,7,8,93
93052,80,62,5,26,28,93
93053,3271,2370,471,1524,1097,93
93054,948,714,84,480,454,93
93055,2699,1779,247,1217,1168,93
93056,297,227,36,99,157,93
93057,77,60,5,30,23,93
93058,2173,1454,165,607,840,93
93059,819,693,55,277,452,93
93060,12471,10505,1212,3433,5974,93
93061,258,180,31,65,55,93
93062,5513,3885,635,1441,1453,93
93063,7151,5040,1018,3231,1895,93
93064,2574,1861,155,684,1294,93
93065,5546,4452,599,2858,1529,93
93066,2690,2125,224,1433,853,93
93067,615,521,60,255,325,93
93068,607,488,70,249,168,93
93069,548,383,44,252,215,93
93070,12676,10158,1688,4065,3334,93
93071,3515,2917,295,1711,1223,93
93072,1682,1210,89,515,644,93
93073,420,337,23,207,117,93
93074,933,781,105,275,387,93
93075,1761,1278,148,568,484,93
93076,837,648,53,324,433,93
93077,557,368,57,205,161,93
93078,81,68,4,21,38,93
93079,6712,4685,729,2191,2467,93
93080,103,78,12,46,33,93
93081,6755,5555,768,3774,2208,93
93082,321,225,46,130,87,93
93083,2701,1764,207,777,1206,93
93084,1711,1131,180,533,526,93
93085,9851,6971,724,4497,4404,93
93086,834,633,77,298,400,93
93087,8629,7177,1197,4283,2686,93
93088,3447,2284,172,1142,1166,93
93089,2636,1773,355,729,1185,93
93090,808,680,70,404,300,93
93091,1239,849,101,285,372,93
93092,4344,3664,579,1396,2061,93
93093,5643,4073,679,2296,2215,93
93094,407,266,23,127,149,93
93095,469,367,25,151,245,93
93096,391,310,39,97,146,93
93097,167597,131513,13490,59345,39823,93
93098,1753,1222,211,507,407,93
93099,66,52,8,27,16,93
94001,328,225,20,135,114,94
94002,1369,921,95,537,576,94
94003,4499,3557,556,2092,2263,94
94004,520,411,26,190,252,94
94005,610,502,54,349,341,94
94006,472,308,37,130,177,94
94007,513,380,66,257,176,94
94008,222,152,18,94,74,94
94009,4088,3110,599,1984,2031,94
94010,903,635,122,365,421,94
94011,369,240,36,119,152,94
94012,3940,2819,256,1054,1630,94
94013,693,496,83,338,280,94
94014,803,631,42,371,292,94
94015,963,653,115,430,290,94
94016,8624,5850,1165,1878,1819,94
94017,260,175,24,88,89,94
94018,511,385,56,211,120,94
94019,2119,1379,268,790,667,94
94020,60,42,8,17,18,94
94021,365,267,52,119,166,94
94022,196,140,15,76,89,94
94023,348,282,23,91,125,94
94024,1741,1206,204,692,694,94
94025,11720,9297,1399,4372,5914,94
94026,1181,884,107,356,277,94
94027,852,631,83,363,301,94
94028,34775,26822,4184,17337,16313,94
94029,12415,8525,1318,5212,3791,94
94030,1845,1252,239,464,636,94
94031,1433,1129,165,550,719,94
94032,136,103,11,50,58,94
94033,627,456,72,189,173,94
94034,1139,843,148,426,272,94
94035,2480,1882,243,1079,954,94
94036,67,53,9,28,22,94
94037,2843,2014,366,981,932,94
94038,329,271,32,124,94,94
94039,206,174,24,75,116,94
94040,3193,2645,215,1426,1836,94
94041,18346,13533,2072,4447,5073,94
94042,9704,8005,1209,3578,4857,94
94043,914,737,72,501,514,94
94044,121,85,15,40,30,94
94045,427,348,33,204,210,94
94046,15537,10783,1186,3424,3483,94
94047,593,477,43,300,256,94
94048,1242,1010,118,350,570,94
94049,12364,9818,1276,6043,3597,94
94050,903,749,55,459,340,94
94051,188,148,21,66,75,94
94052,955,718,121,474,282,94
94053,3500,2421,462,1278,1318,94
94054,246,192,24,74,96,94
94055,3252,2151,224,1449,969,94
94056,3405,2520,475,1573,865,94
94057,868,672,109,245,379,94
94058,910,771,98,505,369,94
94059,195,136,9,66,63,94
94060,481,350,56,211,162,94
94061,198,159,22,73,80,94
94062,87,58,11,20,36,94
94063,504,360,33,226,228,94
94064,2254,1844,206,911,933,94
94065,539,381,70,205,161,94
94066,1636,1065,157,420,580,94
94067,945,775,109,235,321,94
94068,531,447,55,181,278,94
94069,1766,1468,147,600,764,94
94070,480,319,63,199,167,94
94071,2957,2055,405,1165,725,94
94072,7353,5727,611,3546,3520,94
94073,1703,1390,217,611,697,94
94074,4301,3254,415,1280,1265,94
94075,1185,778,107,518,509,94
94076,3860,3236,281,1368,1130,94
94077,571,461,29,300,322,94
94078,2893,2021,329,1214,1311,94
94079,1317,1059,106,545,430,94
94080,1178,992,151,523,491,94
94081,924,719,74,455,494,94
94082,698,553,76,372,301,94
94083,116,78,14,46,38,94
94084,2343,1646,152,641,532,94
94085,1794,1177,112,823,577,94
94086,2474,1995,302,1174,1209,94
94087,400,315,46,123,103,94
94088,402,261,43,133,133,94
94089,2733,2224,299,1194,1051,94
94090,3464,2386,321,1345,1503,94
94091,573,415,31,200,283,94
94092,360,302,50,152,153,94
94093,468,377,32,221,175,94
94094,703,531,51,170,297,94
94095,469,310,35,115,188,94
94096,15,12,1,6,4,94
94097,971,824,73,248,380,94
94098,7713,5717,760,3628,2932,94
94099,4935,3774,598,1371,1812,94
95001,1364,1049,84,353,709,95
95002,5664,3751,340,1241,1429,95
95003,942,792,72,375,389,95
95004,995,731,127,481,409,95
95005,568,383,52,267,119,95
95006,25998,20557,2781,12134,12645,95
95007,477,402,71,250,210,95
95008,193,143,28,65,79,95
95009,765,589,85,327,233,95
95010,373,256,39,82,150,95
95011,884,731,56,415,409,95
95012,146,122,19,71,84,95
95013,3854,2518,250,1232,851,95
95014,310,217,29,84,78,95
95015,31595,24537,2770,7409,15948,95
95016,1932,1303,279,436,743,95
95017,902,732,122,387,310,95
95018,353,278,18,156,144,95
95019,2215,1611,325,1016,1124,95
95020,99,78,8,46,40,95
95021,956,647,74,217,430,95
95022,10208,7270,1520,3922,4555,95
95023,247,206,16,135,66,95
95024,394,287,24,178,122,95
95025,3353,2669,287,1690,1297,95
95026,1721,1184,251,616,667,95
95027,123,104,7,63,71,95
95028,11513,8701,1099,5774,3394,95
95029,128,89,9,60,39,95
95030,374,309,36,101,142,95
95031,227,186,12,99,123,95
95032,108,88,12,56,49,95
95033,147,124,12,37,60,95
95034,3240,2620,376,1596,1390,95
95035,251,194,22,115,88,95
95036,3443,2570,493,1052,987,95
95037,284,230,34,85,150,95
95038,308,239,21,109,167,95
95039,689,547,77,284,310,95
95040,185,155,26,108,77,95
95041,9072,6522,836,4382,3669,95
95042,4879,3763,490,1566,2500,95
95043,2652,2037,218,789,718,95
95044,3590,2546,319,1067,1612,95
95045,23916,19210,2057,6864,10669,95
95046,221,161,11,83,51,95
95047,498,379,64,251,219,95
95048,36,24,1,14,16,95
95049,63673,48158,8591,23444,31178,95
95050,299,235,31,98,160,95
95051,4778,3215,337,1837,1176,95
95052,5472,4099,790,2519,2263,95
95053,132,91,11,33,51,95
95054,245,182,24,100,117,95
95055,154,121,19,70,36,95
95056,5103,4309,446,2072,2484,95
95057,720,500,55,231,189,95
95058,103,74,6,44,33,95
95059,2153,1718,317,1176,1010,95
95060,13855,11678,1340,5306,3530,95
95061,2292,1667,249,587,524,95
95062,10797,7674,1316,4742,4605,95
95063,202,139,27,43,90,95
95064,518,338,28,188,178,95
95065,218,159,22,84,58,95
95066,13388,10812,1042,7189,6318,95
95067,1245,834,182,429,537,95
95068,4428,2989,547,1051,1390,95
95069,681,460,55,227,243,95
95070,233,196,16,83,121,95
95071,3846,3075,510,1416,1381,95
95072,90,71,11,43,44,95
95073,2012,1353,181,737,851,95
95074,911,654,117,343,456,95
95075,187,133,19,70,68,95
95076,7976,5953,985,4094,2958,95
95077,7284,5234,792,3001,2834,95
95078,159,108,9,60,36,95
95079,12984,8768,1474,4784,4146,95
95080,322,233,16,118,127,95
95081,776,553,66,290,323,95
95082,53,44,6,14,27,95
95083,116,85,14,50,33,95
95084,705,571,78,313,392,95
95085,2274,1834,207,573,666,95
95086,13413,9081,701,5761,6346,95
95087,1063,749,112,418,412,95
95088,291,225,41,137,112,95
95089,4085,2689,507,1176,1058,95
95090,1015,674,114,243,305,95
95091,137,115,7,51,37,95
95092,1644,1258,160,854,809,95
95093,944,729,126,313,424,95
95094,150,119,7,68,40,95
95095,153,109,21,61,74,95
95096,774,560,83,224,283,95
95097,2941,2334,359,1250,895,95
95098,226,181,18,121,92,95
95099,1505,1249,168,707,823,95
02001,143,112,8,47,56,02
02002,443,337,58,199,142,02
02003,225,188,27,113,107,02
02004,2649,1882,222,1187,588,02
02005,5778,4708,368,1764,1897,02
02006,576,386,54,203,138,02
02007,2020,1602,242,686,603,02
02008,4143,3106,541,1240,1828,02
02009,1075,894,68,570,428,02
02010,861,697,126,399,277,02
02011,272,226,30,116,147,02
02012,961,656,58,412,359,02
02013,35,27,3,9,13,02
02014,134,104,19,64,61,02
02015,2840,2232,236,1081,1516,02
02016,486,338,56,227,186,02
02017,752,607,53,190,233,02
02018,2413,1822,295,900,847,02
02019,345,274,48,128,96,02
02020,2187,1432,283,892,925,02
02021,29,21,3,13,13,02
02022,78,59,10,25,24,02
02023,1653,1247,162,620,515,02
02024,253,173,14,54,82,02
02025,3940,3224,302,1533,1358,02
02026,2899,2003,195,1224,913,02
02027,1565,1121,106,473,449,02
02028,25782,20365,3284,8798,10521,02
02029,1370,1026,152,641,378,02
02030,1198,864,70,544,602,02
02031,133,107,13,57,36,02
02032,154,121,22,57,51,02
02033,2053,1600,175,527,1078,02
02034,87189,67860,6286,37562,28816,02
02035,4011,2646,331,1010,1044,02
02036,1666,1394,146,623,593,02
02037,835,683,97,444,317,02
02038,847,553,112,251,276,02
02039,480,317,55,129,192,02
02040,407,300,40,119,170,02
02041,901,713,71,370,492,02
02042,7514,4928,1055,2977,1785,02
02043,63326,46598,6214,15112,31335,02
02044,1262,1011,95,507,593,02
02045,297,197,43,62,122,02
02046,2035,1604,242,811,870,02
02047,185,134,12,77,90,02
02048,188,153,23,81,101,02
02049,173,132,14,83,62,02
02050,481,349,59,210,113,02
02051,3188,2434,360,1367,1294,02
02052,282,196,41,122,81,02
02053,1477,1242,109,448,715,02
02054,13496,10060,1353,4580,6482,02
02055,407,298,49,109,107,02
02056,10641,7787,822,3288,2960,02
02057,2245,1694,140,827,752,02
02058,110,79,14,39,28,02
02059,397,312,27,136,168,02
02060,113,81,6,43,25,02
02061,1259,890,155,519,461,02
02062,168,135,21,81,42,02
02063,1780,1262,223,569,537,02
02064,1255,895,117,561,378,02
02065,148,99,15,40,67,02
02066,5619,3910,570,2432,2554,02
02067,2834,2055,240,649,1223,02
02068,166,126,14,78,61,02
02069,2877,1924,388,1002,834,02
02070,502,394,70,225,207,02
02071,6158,4983,344,3327,1907,02
02072,332,216,25,93,129,02
02073,437,335,55,188,162,02
02074,847,613,117,255,191,02
02075,4069,2698,418,1821,820,02
02076,1785,1455,224,687,797,02
02077,1396,985,163,645,500,02
02078,5088,4060,518,2678,2650,02
02079,322,256,41,174,132,02
02080,281,230,19,72,92,02
02081,107,83,7,36,26,02
02082,10973,9214,800,4761,4740,02
02083,493,398,25,174,238,02
02084,751,557,65,310,268,02
02085,182,142,17,78,79,02
02086,4805,3280,619,1719,1463,02
02087,2046,1603,103,755,922,02
02088,3725,2947,550,1069,1848,02
02089,1223,902,75,470,295,02
02090,2094,1524,253,918,821,02
02091,1477,1031,208,515,448,02
02092,107,88,15,56,55,02
02093,1175,850,158,472,568,02
02094,351,278,30,146,172,02
02095,19064,12464,1002,7978,7872,02
02096,21516,15725,1080,6354,10523,02
02097,811,604,50,218,289,02
02098,20096,16049,1574,5583,9295,02
02099,828,607,96,398,419,02
59001,3399,2400,494,1334,1013,59
59002,433,284,33,188,105,59
59003,4477,3169,373,1883,1415,59
59004,17427,14065,1195,6373,8985,59
59005,2114,1777,148,567,596,59
59006,1127,840,163,409,533,59
59007,3537,2743,352,1837,1592,59
59008,1385,1088,103,429,588,59
59009,25504,18699,1424,6374,7668,59
59010,621,404,59,136,259,59
59011,53648,37979,4930,21537,23539,59
59012,295,213,25,91,64,59
59013,615,480,47,320,319,59
59014,110,79,10,48,46,59
59015,1259,928,159,526,316,59
59016,1386,970,153,565,570,59
59017,13037,11061,1295,5908,5935,59
59018,165,108,18,71,73,59
59019,30708,22332,4260,13326,7733,59
59020,1092,886,108,380,459,59
59021,12434,9011,1247,6030,4151,59
59022,2428,1815,326,726,1125,59
59023,1728,1337,256,861,575,59
59024,488,321,60,134,183,59
59025,943,619,68,300,212,59
59026,31281,21292,2293,12493,8881,59
59027,34255,22871,4390,11054,9713,59
59028,1715,1349,213,848,619,59
59029,15907,11012,2371,5993,6992,59
59030,30636,21631,3986,8602,14493,59
59031,4779,3642,294,2098,1458,59
59032,1074,800,96,484,263,59
59033,562,369,33,130,211,59
59034,383,249,37,98,81,59
59035,3772,2891,296,1593,1789,59
59036,9,7,0,2,4,59
59037,1089,774,156,263,340,59
59038,4197,3375,320,1336,2095,59
59039,306,248,23,147,130,59
59040,9338,6746,798,3634,3498,59
59041,79,59,7,19,20,59
59042,242,188,22,120,79,59
59043,4463,2952,664,1246,1443,59
59044,2867,1977,146,1366,822,59
59045,309,225,32,101,141,59
59046,470,353,38,186,212,59
59047,459,326,57,173,227,59
59048,1639,1099,109,371,479,59
59049,14536,11275,1689,5585,7726,59
59050,820,569,64,298,384,59
59051,2088,1511,288,658,726,59
59052,3453,2425,442,925,1181,59
59053,1047,821,144,387,495,59
59054,3112,2139,350,680,835,59
59055,854,628,96,416,395,59
59056,6531,4251,765,2644,1893,59
59057,823,546,78,293,289,59
59058,20969,16053,2126,8394,7535,59
59059,1599,1227,195,418,453,59
59060,359,276,49,140,180,59
59061,3373,2304,351,891,1173,59
59062,2343,1576,250,962,883,59
59063,1441,1213,76,556,450,59
59064,696,487,46,177,299,59
59065,1633,1282,219,404,755,59
59066,745,524,41,358,243,59
59067,2221,1882,169,714,775,59
59068,1258,959,140,632,325,59
59069,83,61,8,31,36,59
59070,242,196,15,100,92,59
59071,359,305,48,170,197,59
59072,1345,997,156,622,370,59
59073,3345,2828,311,1410,1644,59
59074,203,140,26,80,78,59
59075,196,132,20,74,64,59
59076,1189,855,145,534,569,59
59077,772,513,79,347,201,59
59078,2564,1832,140,1058,826,59
59079,1324,971,179,395,472,59
59080,4952,3261,430,1662,1213,59
59081,4906,3902,610,1768,1828,59
59082,9081,7268,1067,2194,2240,59
59083,493,416,28,183,283,59
59084,2711,2210,237,1473,1246,59
59085,615,479,48,218,307,59
59086,6244,4627,465,2813,2496,59
59087,1998,1660,134,928,777,59
59088,329,225,41,128,74,59
59089,7707,6065,577,4125,3824,59
59090,67,51,6,18,19,59
59091,19511,14873,2593,4978,7653,59
59092,940,760,92,397,513,59
59093,10746,7910,738,2529,3999,59
59094,1126,785,160,263,547,59
59095,1604,1235,151,846,688,59
59096,4718,3987,498,1434,1358,59
59097,2049,1704,116,966,774,59
59098,1078,913,112,566,511,59
59099,332,224,26,79,109,59
60001,1220,851,62,354,522,60
60002,8986,6091,1306,2335,3872,60
60003,2320,1570,121,1049,941,60
60004,482,324,41,111,214,60
60005,7508,5213,561,2379,1736,60
60006,625,423,41,249,129,60
60007,9284,7317,704,2219,4600,60
60008,1829,1257,178,714,705,60
60009,908,711,136,234,481,60
60010,742,574,79,249,273,60
60011,26157,19192,3072,5830,9639,60
60012,2607,1897,240,876,800,60
60013,1318,947,81,445,573,60
60014,2528,1840,309,842,673,60
60015,424,342,44,145,117,60
60016,152,112,12,75,75,60
60017,5538,4333,667,1475,2000,60
60018,658,532,42,274,364,60
60019,33784,26561,3257,8956,16768,60
60020,46,33,4,17,12,60
60021,103,73,7,35,32,60
60022,6444,4587,959,2185,1600,60
60023,730,477,81,298,285,60
60024,349,289,50,89,89,60
60025,3105,2215,199,1073,1493,60
60026,43,27,3,10,12,60
60027,2819,1879,392,983,1069,60
60028,86434,57767,7703,17920,38183,60
60029,603,399,46,195,267,60
60030,286,224,40,98,156,60
60031,858,591,43,362,200,60
60032,8481,5651,637,3050,2200,60
60033,2226,1741,195,651,927,60
60034,5719,4493,400,1807,1484,60
60035,513,415,73,258,244,60
60036,764,529,83,322,273,60
60037,293,218,43,119,65,60
60038,976,803,88,471,241,60
60039,436,369,50,171,207,60
60040,10986,7435,1409,3096,4432,60
60041,1835,1382,240,937,655,60
60042,553,434,31,217,236,60
60043,130,102,18,61,62,60
60044,955,778,92,436,440,60
60045,1833,1519,235,688,753,60
60046,1583,1312,94,816,689,60
60047,23,17,1,8,10,60
60048,7603,5037,990,2299,2390,60
60049,3075,2175,391,1477,834,60
60050,706,557,83,184,314,60
60051,1207,911,154,434,558,60
60052,168,127,11,39,85,60
60053,11328,8265,1026,4329,3075,60
60054,60762,40374,4495,25198,27514,60
60055,97,63,14,27,41,60
60056,598,425,65,153,289,60
60057,92,71,7,38,21,60
60058,1316,935,135,378,374,60
60059,6291,5025,371,2213,1521,60
60060,155,112,14,68,50,60
60061,154,121,13,49,66,60
60062,20053,14759,2902,8892,7378,60
60063,182,142,20,49,79,60
60064,776,588,114,186,238,60
60065,11778,9869,1274,4197,3733,60
60066,116,94,14,40,49,60
60067,482,391,33,219,145,60
60068,42916,30529,5424,20902,20538,60
60069,1826,1299,154,901,809,60
60070,5145,3438,489,2172,1225,60
60071,6867,5328,574,2426,2691,60
60072,4272,3077,385,1221,1358,60
60073,1959,1284,139,598,461,60
60074,527,406,59,154,146,60
60075,137,94,15,54,45,60
60076,5192,4089,504,1569,1876,60
60077,628,429,71,168,281,60
60078,466,394,43,275,203,60
60079,1560,1258,214,455,836,60
60080,8825,6405,1321,4119,2125,60
60081,26590,19346,1715,10009,12095,60
60082,7052,4784,582,2551,2200,60
60083,570,385,59,118,267,60
60084,3378,2660,457,1386,1462,60
60085,502,327,58,194,137,60
60086,4032,3220,545,2217,1673,60
60087,1717,1261,207,730,869,60
60088,868,629,66,425,193,60
60089,17720,13318,1561,4601,6748,60
60090,1522,1101,120,748,368,60
60091,1258,910,95,375,522,60
60092,102,69,10,48,25,60
60093,65,42,5,29,18,60
60094,25,20,1,11,10,60
60095,14027,9775,1610,5440,3260,60
60096,649,493,43,230,207,60
60097,741,623,65,217,258,60
60098,396,267,52,181,110,60
60099,1864,1249,175,566,841,60
62001,2227,1838,199,666,630,62
62002,1281,1052,147,569,665,62
62003,201,156,20,95,68,62
62004,1443,1079,113,471,454,62
62005,2175,1628,222,531,552,62
62006,9035,6250,744,3703,2082,62
62007,3272,2526,180,1382,1685,62
62008,347,258,17,146,157,62
62009,680,562,51,178,176,62
62010,454,319,38,163,200,62
62011,7391,5186,442,3426,2268,62
62012,322,249,30,156,84,62
62013,519,437,45,271,232,62
62014,1936,1435,125,758,703,62
62015,265,205,37,69,85,62
62016,843,676,108,323,288,62
62017,638,470,61,230,198,62
62018,1683,1246,238,720,868,62
62019,1450,1206,103,526,550,62
62020,847,690,86,225,470,62
62021,278,222,34,86,80,62
62022,156,114,20,66,47,62
62023,810,603,106,391,267,62
62024,1978,1413,125,813,981,62
62025,114,89,9,57,52,62
62026,729,503,54,183,349,62
62027,2640,1866,271,1036,1158,62
62028,1168,781,66,443,426,62
62029,138,91,7,58,52,62
62030,1417,1014,94,481,474,62
62031,942,649,70,325,292,62
62032,380,312,40,204,136,62
62033,2633,1712,268,1081,586,62
62034,5788,3840,473,1362,2428,62
62035,16911,12524,2400,6728,6953,62
62036,1909,1321,252,633,873,62
62037,271,205,38,110,74,62
62038,61326,45957,5790,29207,14079,62
62039,750,502,53,265,151,62
62040,151,127,16,47,73,62
62041,457,310,25,105,147,62
62042,1329,973,93,650,449,62
62043,96,63,10,25,31,62
62044,10085,7988,812,4854,3420,62
62045,4241,3146,614,1066,1367,62
62046,1092,857,151,392,432,62
62047,514,434,48,254,236,62
62048,1735,1175,192,441,400,62
62049,202,155,11,56,68,62
62050,4767,3318,622,1333,1990,62
62051,25582,17923,1985,5579,8940,62
62052,472,342,45,165,228,62
62053,688,524,38,315,215,62
62054,8349,6181,614,3834,2750,62
62055,1020,856,119,393,413,62
62056,5277,4236,705,2170,1775,62
62057,2146,1724,184,800,912,62
62058,7205,5944,814,2345,3763,62
62059,366,250,30,147,92,62
62060,5630,4705,839,2084,2821,62
62061,71,55,6,24,19,62
62062,1871,1568,270,878,934,62
62063,654,530,63,264,301,62
62064,2869,1894,289,998,592,62
62065,2545,2034,353,1342,670,62
62066,2104,1378,177,784,753,62
62067,92,68,7,33,20,62
62068,578,387,44,183,197,62
62069,23776,15550,2169,6610,7591,62
62070,3103,2480,267,1530,881,62
62071,7940,5772,822,3693,3451,62
62072,1647,1239,92,841,399,62
62073,10585,6917,1334,3786,4257,62
62074,105,77,8,33,39,62
62075,15395,10578,1210,4219,5756,62
62076,265,216,15,88,145,62
62077,360,302,31,106,200,62
62078,66,55,7,18,27,62
62079,102,68,6,38,45,62
62080,4518,3447,424,1481,1683,62
62081,1642,1366,179,846,558,62
62082,489,322,28,127,104,62
62083,619,519,82,266,249,62
62084,2304,1735,294,1043,973,62
62085,136,93,15,61,53,62
62086,1614,1284,98,723,429,62
62087,17573,12766,2098,5737,5586,62
62088,798,533,100,208,304,62
62089,661,498,81,268,254,62
62090,2133,1513,255,938,597,62
62091,267,214,35,111,89,62
62092,1924,1445,169,882,996,62
62093,2756,2234,383,678,887,62
62094,834,666,88,450,223,62
62095,722,537,45,255,178,62
62096,399,319,30,198,137,62
62097,136,113,15,47,40,62
62098,7247,4857,517,2664,1795,62
62099,588,427,74,182,137,62
80001,3346,2330,494,781,837,80
80002,1934,1547,171,622,867,80
80003,3638,2433,426,1235,1256,80
80004,199,131,11,85,59,80
80005,7197,5519,933,2689,1875,80
80006,231,172,27,111,92,80
80007,379,281,42,171,144,80
80008,610,512,91,351,221,80
80009,969,669,123,363,450,80
80010,672,485,35,266,263,80
80011,15848,11856,1377,5640,7813,80
80012,1562,1266,93,472,492,80
80013,6635,5264,585,2593,2771,80
80014,611,493,50,223,227,80
80015,268,186,34,119,124,80
80016,2445,1856,200,1199,736,80
80017,2861,2295,350,1292,1476,80
80018,31,23,2,9,11,80
80019,337,232,35,99,126,80
80020,779,566,107,291,338,80
80021,474,326,50,135,196,80
80022,1718,1448,181,456,573,80
80023,4755,4017,324,2802,1226,80
80024,581,435,42,300,293,80
80025,2461,2065,216,931,1273,80
80026,603,469,60,209,249,80
80027,581,411,29,218,258,80
80028,155,126,10,69,40,80
80029,2412,1816,162,606,589,80
80030,564,454,58,154,188,80
80031,24477,17346,3588,8093,11008,80
80032,494,326,69,224,126,80
80033,325,224,44,130,115,80
80034,3536,2698,450,1154,897,80
80035,970,764,111,315,488,80
80036,1541,1132,151,667,516,80
80037,17265,12973,2520,8344,5664,80
80038,11645,9761,610,6648,4346,80
80039,987,649,58,354,270,80
80040,498,340,69,203,196,80
80041,2962,1951,337,668,1278,80
80042,140,109,16,40,63,80
80043,988,824,52,569,357,80
80044,7909,6717,922,2069,4088,80
80045,1620,1244,157,823,699,80
80046,223,186,16,94,98,80
80047,744,617,78,235,422,80
80048,3093,2311,212,1054,1081,80
80049,347,271,49,111,161,80
80050,135,114,14,77,71,80
80051,3943,2950,453,1289,1362,80
80052,3565,2592,366,1465,1119,80
80053,1888,1229,174,412,686,80
80054,295,246,23,157,106,80
80055,815,642,59,348,438,80
80056,33227,27788,4887,12829,16185,80
80057,80,59,10,19,19,80
80058,29,22,3,13,10,80
80059,647,424,70,200,273,80
80060,163,116,14,52,73,80
80061,1582,1066,193,421,546,80
80062,50,38,4,22,15,80
80063,687,513,63,199,170,80
80064,302,203,21,103,69,80
80065,5319,3478,536,1321,2072,80
80066,565,437,38,301,209,80
80067,701,536,96,302,208,80
80068,1223,889,114,502,418,80
80069,2696,2154,297,708,1273,80
80070,1500,1269,76,484,828,80
80071,795,627,40,308,437,80
80072,17653,12934,1797,5506,5406,80
80073,1726,1396,114,820,448,80
80074,39579,27514,2698,12187,9137,80
80075,4782,3872,332,2382,2339,80
80076,2572,1700,339,1117,799,80
80077,1780,1505,103,465,753,80
80078,3634,2543,347,1255,1681,80
80079,1315,1051,134,431,562,80
80080,654,531,62,182,361,80
80081,409,330,49,100,124,80
80082,4057,3278,420,1558,2133,80
80083,424,326,41,221,197,80
80084,5704,4319,826,3020,1694,80
80085,2667,1871,159,859,767,80
80086,608,485,44,222,216,80
80087,83,66,8,32,29,80
80088,198,165,23,57,62,80
80089,17720,13988,1994,5487,9069,80
80090,1753,1311,147,852,493,80
80091,1850,1453,223,559,760,80
80092,358,260,27,109,149,80
80093,215,177,15,117,69,80
80094,40,33,3,16,16,80
80095,3439,2575,316,1193,957,80
80096,175,120,16,54,58,80
80097,3662,2732,231,1524,1182,80
80098,40791,27078,2489,14231,11920,80
80099,929,650,51,310,234,80
22001,124445,83301,13263,47741,45031,22
22002,18975,16054,1681,4948,10666,22
22003,211,162,12,54,106,22
22004,3270,2582,476,1060,839,22
22005,6,4,0,2,1,22
22006,801,545,101,313,191,22
22007,182,139,11,69,46,22
22008,698,528,76,204,291,22
22009,3548,2959,289,1759,909,22
22010,2626,2072,252,796,848,22
22011,668,488,40,335,175,22
22012,714,586,105,407,222,22
22013,1873,1312,139,899,763,22
22014,88,59,8,37,18,22
22015,495,343,66,203,164,22
22016,3764,2739,332,1057,1670,22
22017,982,649,75,287,340,22
22018,69,56,10,20,30,22
22019,1701,1141,124,567,369,22
22020,2916,2378,222,801,1413,22
22021,27840,23525,3503,12703,7491,22
22022,2727,1894,292,956,918,22
22023,1123,766,103,250,237,22
22024,682,466,45,234,215,22
22025,346,244,35,140,114,22
22026,2042,1601,283,559,632,22
22027,1654,1144,231,722,715,22
22028,1056,849,59,569,424,22
22029,4637,3271,288,1232,1215,22
22030,7662,5970,1061,3859,2574,22
22031,2086,1573,111,485,909,22
22032,860,686,53,208,388,22
22033,4173,3378,405,1042,1451,22
22034,916,704,92,413,317,22
22035,13416,10821,1902,5669,3629,22
22036,10801,8182,590,5155,4442,22
22037,10883,7077,799,4097,3000,22
22038,276,213,17,117,96,22
22039,5354,4179,530,2425,2853,22
22040,6546,4722,458,2931,1865,22
22041,683,517,77,328,156,22
22042,721,530,41,317,289,22
22043,247,181,23,55,81,22
22044,8307,6558,924,3906,3195,22
22045,276,209,19,137,90,22
22046,2339,1968,234,1181,701,22
22047,167,120,19,59,61,22
22048,1742,1428,133,748,932,22
22049,61,50,6,20,34,22
22050,411,340,26,176,227,22
22051,4804,4082,568,2139,2382,22
22052,1242,985,181,412,542,22
22053,1984,1631,151,588,972,22
22054,1007,656,120,434,222,22
22055,3120,2553,306,1712,1503,22
22056,357,253,37,112,158,22
22057,1206,1020,177,633,679,22
22058,244,175,21,113,67,22
22059,2613,1952,311,610,997,22
22060,683,482,87,184,262,22
22061,2329,1748,144,988,766,22
22062,300,238,20,164,100,22
22063,162,129,18,64,74,22
22064,306,236,31,129,108,22
22065,285,235,30,139,107,22
22066,23329,18206,1305,9099,7777,22
22067,17000,13896,1773,9022,5742,22
22068,80,65,6,40,44,22
22069,143,103,11,32,62,22
22070,227,151,33,63,89,22
22071,65,50,4,23,15,22
22072,3838,2785,436,1372,1707,22
22073,2200,1690,192,854,960,22
22074,839,546,44,205,275,22
22075,6441,5276,579,3438,1629,22
22076,885,613,93,213,421,22
22077,6360,4501,868,2198,2013,22
22078,25374,18893,3057,5928,9305,22
22079,274,180,22,86,89,22
22080,5193,4325,694,2169,2064,22
22081,121,100,12,59,36,22
22082,1089,908,131,516,332,22
22083,5601,4266,673,1744,2810,22
22084,290,204,40,135,94,22
22085,815,609,120,212,193,22
22086,394,260,28,175,123,22
22087,1460,1076,170,374,442,22
22088,2062,1512,227,890,998,22
22089,673,450,38,137,265,22
22090,3299,2205,407,868,712,22
22091,2733,2123,140,1193,808,22
22092,902,613,85,219,203,22
22093,25,19,3,9,10,22
22094,38,27,2,13,16,22
22095,1448,1086,203,589,420,22
22096,979,718,104,346,317,22
22097,3900,2687,301,1190,810,22
22098,648,511,92,283,157,22
22099,31,21,4,11,10,22
29001,2507,1810,226,1221,1019,29
29002,561,436,78,190,173,29
29003,480,336,34,115,161,29
29004,2696,2153,336,933,1470,29
29005,492,353,46,215,166,29
29006,634,446,71,256,213,29
29007,53382,43907,6848,16258,26204,29
29008,1608,1314,171,663,883,29
29009,185,138,24,63,67,29
29010,1262,1038,138,318,631,29
29011,750,500,52,209,173,29
29012,6854,4585,968,2581,2805,29
29013,4867,3660,455,2127,2444,29
29014,880,590,118,281,313,29
29015,1125,894,124,312,333,29
29016,537,380,53,144,210,29
29017,1902,1560,279,927,529,29
29018,57,43,4,19,13,29
29019,1450,962,146,487,433,29
29020,5515,4419,632,2007,1828,29
29021,374,278,47,95,107,29
29022,1287,976,146,590,520,29
29023,563,451,57,144,153,29
29024,7124,5739,855,2322,3027,29
29025,6882,5305,645,1645,2979,29
29026,1173,842,66,448,359,29
29027,374,260,20,168,112,29
29028,1728,1358,250,630,855,29
29029,3818,2957,223,1653,1869,29
29030,215,164,14,103,67,29
29031,9063,6605,508,2451,3924,29
29032,1477,1112,219,658,504,29
29033,1828,1487,163,520,735,29
29034,7871,5338,1148,2243,1618,29
29035,349,227,48,120,89,29
29036,24536,19071,3025,6944,11046,29
29037,254,215,36,100,144,29
29038,512,398,75,198,160,29
29039,295,221,22,71,126,29
29040,1398,953,117,634,595,29
29041,886,743,74,464,343,29
29042,251,180,19,99,99,29
29043,286,240,42,96,157,29
29044,4102,3249,379,1302,1499,29
29045,1013,761,66,496,424,29
29046,1498,1233,160,727,623,29
29047,1263,1015,135,675,547,29
29048,762,619,64,301,363,29
29049,162,126,8,61,69,29
29050,1929,1516,276,589,964,29
29051,1595,1270,193,822,477,29
29052,664,488,97,302,341,29
29053,981,709,143,281,266,29
29054,8643,6494,615,4131,2876,29
29055,814,676,77,448,372,29
29056,160,119,23,40,39,29
29057,270,206,36,120,84,29
29058,1870,1564,231,770,487,29
29059,542,387,57,177,210,29
29060,520,387,70,119,258,29
29061,241,167,28,112,82,29
29062,1824,1341,200,754,678,29
29063,429,291,58,165,103,29
29064,256,198,31,60,92,29
29065,2473,1690,262,1180,836,29
29066,209,173,30,118,108,29
29067,106,78,14,43,47,29
29068,5428,4216,510,1496,1575,29
29069,1181,933,72,534,463,29
29070,396,280,57,131,162,29
29071,3718,2853,211,1725,1114,29
29072,6331,4521,852,1862,1870,29
29073,756,515,50,225,160,29
29074,35408,24613,2055,11414,8383,29
29075,11597,7564,1620,2689,3377,29
29076,1178,862,79,493,546,29
29077,901,658,105,299,289,29
29078,969,750,71,378,450,29
29079,1888,1356,126,767,796,29
29080,3058,2066,305,781,1083,29
29081,8155,6278,545,2779,1933,29
29082,835,677,104,234,324,29
29083,231,151,14,50,81,29
29084,1943,1633,166,732,769,29
29085,1964,1431,180,911,929,29
29086,1721,1283,192,615,628,29
29087,2133,1693,244,930,722,29
29088,63905,41995,6780,13639,24398,29
29089,1308,1016,130,693,628,29
29090,484,391,44,222,257,29
29091,10629,8203,935,4472,3424,29
29092,6668,5530,343,3060,3623,29
29093,485,353,29,197,190,29
29094,1716,1173,187,804,725,29
29095,4841,4069,349,1552,2541,29
29096,47828,33106,5907,18413,20790,29
29097,879,588,115,259,341,29
29098,1209,959,119,536,519,29
29099,160,135,10,73,66,29
35001,718,496,77,323,171,35
35002,3518,2784,517,913,1931,35
35003,1007,657,82,355,304,35
35004,5017,4095,379,1460,1892,35
35005,14716,9909,1425,6739,4539,35
35006,4925,4113,678,1641,2257,35
35007,1695,1439,238,657,970,35
35008,514,418,45,232,159,35
35009,3708,2973,252,2017,1714,35
35010,228,157,13,85,84,35
35011,609,401,72,150,269,35
35012,1499,1136,223,510,659,35
35013,4478,3692,226,1930,1136,35
35014,2279,1611,275,1053,617,35
35015,45,37,4,23,16,35
35016,157,115,17,35,65,35
35017,5684,4622,745,2300,1928,35
35018,572,395,66,166,156,35
35019,550,437,53,232,275,35
35020,523,410,61,236,260,35
35021,325,216,18,67,113,35
35022,2668,1953,306,934,945,35
35023,9506,7766,1020,4122,5040,35
35024,561,466,46,306,259,35
35025,191,160,24,48,67,35
35026,803,646,73,266,314,35
35027,54548,44204,6958,26069,14607,35
35028,39,30,4,14,18,35
35029,985,826,101,535,448,35
35030,990,751,122,329,432,35
35031,315,244,27,129,155,35
35032,5111,3449,463,2412,1589,35
35033,7936,6316,507,2798,2310,35
35034,26366,19737,3728,8267,8122,35
35035,3147,2411,405,1653,1429,35
35036,1952,1434,215,939,693,35
35037,142,97,19,31,54,35
35038,1775,1423,131,965,841,35
35039,2205,1554,207,611,1081,35
35040,552,387,58,269,236,35
35041,291,219,15,70,141,35
35042,194,163,16,52,50,35
35043,2335,1683,174,693,862,35
35044,6224,5164,409,1592,2841,35
35045,185,144,23,61,97,35
35046,10655,7155,690,3898,4543,35
35047,499,404,41,220,238,35
35048,938,723,129,223,378,35
35049,1050,780,96,317,482,35
35050,2214,1573,237,540,693,35
35051,422,347,44,195,189,35
35052,2837,2225,273,932,1408,35
35053,157,114,22,57,41,35
35054,1067,733,95,353,428,35
35055,11,8,1,4,3,35
35056,62,40,7,15,23,35
35057,4206,3250,272,1948,1356,35
35058,2163,1654,168,946,892,35
35059,1175,868,102,511,506,35
35060,1313,1071,66,557,602,35
35061,1482,1093,129,623,704,35
35062,2685,1944,304,911,1349,35
35063,1479,1038,132,548,687,35
35064,375,249,42,170,85,35
35065,1018,842,101,303,291,35
35066,564,407,45,201,136,35
35067,845,684,87,252,288,35
35068,1816,1232,131,641,662,35
35069,4871,3700,589,1943,2194,35
35070,44,33,3,15,14,35
35071,27,20,3,13,7,35
35072,1011,781,108,481,534,35
35073,245,187,16,77,87,35
35074,4327,3084,646,1685,1361,35
35075,1434,1162,150,539,789,35
35076,4741,3458,335,1365,1238,35
35077,712,592,70,284,180,35
35078,1918,1404,152,681,467,35
35079,22,15,1,10,5,35
35080,848,576,43,195,292,35
35081,5027,4202,554,2794,1911,35
35082,113,92,10,56,43,35
35083,99,67,6,23,37,35
35084,472,395,32,273,198,35
35085,27061,20866,3108,13403,6476,35
35086,256,214,37,130,144,35
35087,21957,15669,2068,5623,7110,35
35088,3537,2696,258,958,1832,35
35089,147042,104487,10961,41151,59055,35
35090,1168,856,104,458,259,35
35091,5073,3880,288,1354,1532,35
35092,28427,18599,1907,7887,10860,35
35093,310,225,23,139,119,35
35094,26,19,3,8,10,35
35095,1428,1050,141,369,514,35
35096,20655,15696,1999,8137,8012,35
35097,1666,1180,186,763,390,35
35098,303,241,16,93,109,35
35099,319,256,17,143,150,35
56001,2301,1895,321,591,644,56
56002,1224,886,125,540,295,56
56003,562,372,62,153,115,56
56004,1398,969,174,538,526,56
56005,3382,2584,225,1660,1806,56
56006,535,367,31,214,206,56
56007,684,526,102,245,321,56
56008,2292,1824,169,1238,1051,56
56009,468,376,28,207,211,56
56010,1129,950,147,490,521,56
56011,1281,981,103,529,528,56
56012,440,298,57,190,200,56
56013,429,307,53,144,137,56
56014,736,503,56,330,278,56
56015,3046,2482,188,751,1548,56
56016,785,571,110,225,272,56
56017,820,672,79,385,418,56
56018,3695,2701,303,1047,1780,56
56019,2328,1809,281,1094,1075,56
56020,3753,2531,328,1226,1475,56
56021,600,485,79,287,284,56
56022,1,0,0,0,0,56
56023,215,182,31,70,124,56
56024,3617,2492,376,1301,749,56
56025,2267,1867,204,743,1182,56
56026,25996,18471,2100,11598,9338,56
56027,125,106,12,32,37,56
56028,209,164,15,85,71,56
56029,1743,1361,252,580,918,56
56030,233,163,27,57,101,56
56031,216,182,12,95,109,56
56032,2596,1755,176,546,987,56
56033,1856,1530,214,797,565,56
56034,1674,1100,248,718,452,56
56035,7042,5927,969,2917,1962,56
56036,64,42,8,25,27,56
56037,3224,2720,357,1253,933,56
56038,4474,3451,625,1996,1399,56
56039,61,49,7,34,28,56
56040,765,633,100,333,339,56
56041,364,251,41,77,117,56
56042,1836,1436,103,797,456,56
56043,2724,2009,289,777,1402,56
56044,16099,11587,1484,4199,6988,56
56045,3279,2256,200,970,1474,56
56046,1893,1290,99,901,858,56
56047,1344,952,200,322,469,56
56048,4396,3472,340,1252,1949,56
56049,5674,4376,549,2740,1578,56
56050,19768,13718,1229,9022,5316,56
56051,8755,6921,826,2921,2541,56
56052,962,667,125,282,220,56
56053,4034,2837,217,1874,1125,56
56054,3956,3274,362,1349,1513,56
56055,160,135,9,54,59,56
56056,699,494,57,195,283,56
56057,2601,2202,196,1411,1267,56
56058,96,77,11,25,33,56
56059,537,440,77,293,196,56
56060,1235,1025,129,336,670,56
56061,856,576,119,317,326,56
56062,662,450,89,181,285,56
56063,779,603,68,208,253,56
56064,1354,1068,83,623,720,56
56065,2807,1946,228,836,856,56
56066,8969,7480,1312,4861,4619,56
56067,2110,1557,288,837,781,56
56068,2035,1493,129,723,880,56
56069,3856,2745,304,1775,1240,56
56070,17568,12881,2496,3988,5868,56
56071,1130,752,127,336,451,56
56072,806,589,73,184,231,56
56073,67,54,3,22,23,56
56074,10707,8138,1511,4764,3707,56
56075,15343,12222,1159,5300,4090,56
56076,2249,1641,319,515,741,56
56077,476,375,61,154,118,56
56078,864,590,82,282,364,56
56079,194,130,27,60,46,56
56080,463,334,24,170,217,56
56081,576,458,40,226,305,56
56082,1596,1186,192,664,447,56
56083,837,560,90,289,220,56
56084,152,120,8,40,47,56
56085,557,385,31,175,166,56
56086,390,317,37,115,129,56
56087,136,105,10,64,61,56
56088,1365,1083,119,414,656,56
56089,62,42,6,19,19,56
56090,344,272,33,138,150,56
56091,1279,1000,168,338,648,56
56092,19063,12538,1688,7220,5346,56
56093,1344,1120,124,354,414,56
56094,1197,882,153,457,282,56
56095,888,721,62,380,230,56
56096,876,713,88,340,339,56
56097,834,667,43,204,301,56
56098,2579,1774,130,1179,723,56
56099,525,425,78,286,284,56
